4.114716159999999689e+01, -1.120548388999999929e+02
3.405369089999999943e+01, -1.182427660000000031e+02
4.264119749999999698e+01, -7.249934210000000689e+01
4.409038120000000305e+01, -6.620175360000000353e+01
-2.743771870000000135e+01, 1.531659742999999878e+02
4.055431060000000087e+01, -1.231830838999999997e+02
4.319811169999999834e+01, -7.087397609999999304e+01
-2.076199370000000144e+01, -4.591760169999999874e+01
4.919130330000000129e+01, -1.228491429999999980e+02
3.629449280000000044e+01, -8.247340889999999547e+01
3.904901100000000014e+01, -9.567755599999999561e+01
2.283873540000000091e+01, 8.862459610000000509e+01
2.918719859999999855e+01, -8.214009230000000628e+01
3.123234370000000126e+01, 1.214691023999999970e+02
4.258862349999999708e+01, -8.282171309999999664e+01
4.360862949999999927e+01, -1.163923259999999971e+02
4.033503029999999967e+01, -1.049092844000000042e+02
2.886443380000000047e+01, -8.085449749999999369e+01
3.466776459999999815e+01, -1.201148469999999975e+02
4.497729950000000088e+01, -9.326546919999999830e+01
3.283429519999999968e+01, -9.722890289999999425e+01
4.032425260000000122e+01, -7.717303710000000194e+01
2.959576960000000057e+01, -9.071953480000000525e+01
4.216201860000000323e+01, -7.709413659999999879e+01
4.067107649999999808e+01, -1.118250278000000009e+02
2.904914259999999970e+01, -8.246093310000000542e+01
4.462770710000000207e+01, -9.000869230000000698e+01
4.711526949999999658e+01, -2.104010199999999831e+00
3.590189869999999672e+01, -9.270987440000000390e+01
4.649271999999999849e+01, -8.099121100000000695e+01
4.296324249999999978e+01, -8.566786390000000040e+01
3.606522999999999968e+01, -1.190167679000000049e+02
4.310023100000000085e+01, -7.358196300000000178e+01
3.970857360000000114e+01, -1.050846693999999957e+02
4.110860399999999970e+01, -7.689727089999999521e+01
4.357373609999999786e+01, -1.165596309999999960e+02
4.361661629999999690e+01, -1.162008859999999970e+02
3.658317600000000169e+01, -1.180783380999999963e+02
4.016373589999999894e+01, -7.639524289999999951e+01
3.601035619999999682e+01, -8.426964490000000296e+01
3.547298860000000076e+01, -9.751705359999999700e+01
5.187110880000000179e+01, -8.335419899999999771e+00
3.535402090000000186e+01, -1.203757159999999971e+02
3.888388559999999927e+01, -9.481887000000000398e+01
4.170753940000000171e+01, -8.689502969999999493e+01
3.910010499999999922e+01, -9.457814159999999504e+01
3.931378469999999936e+01, 1.405667433000000131e+02
4.785522590000000065e+01, -1.219713349999999963e+02
4.279399519999999768e+01, -7.760642190000000085e+01
5.122110969999999952e+01, 4.399708099999999789e+00
4.516024420000000106e+01, -9.308883240000000114e+01
3.084712830000000139e+01, -9.015314100000000508e+01
3.218130130000000122e+01, -8.210900829999999928e+01
4.674716380000000271e+01, -9.222546950000000265e+01
3.354269750000000272e+01, -1.177853659999999962e+02
4.712601250000000164e+01, -1.241727381999999977e+02
4.086815399999999698e+01, -7.342567599999999572e+01
4.290285469999999890e+01, -7.368734050000000479e+01
2.620411400000000057e+01, -9.823006049999999334e+01
nan, nan
3.782060529999999687e+01, -8.892756950000000415e+01
4.280064409999999953e+01, -7.130422900000000652e+01
2.942460020000000043e+01, -9.849514050000000509e+01
4.069678909999999661e+01, -1.119866954000000021e+02
3.899756159999999738e+01, -8.449633059999999318e+01
3.395976770000000045e+01, -8.337639799999999468e+01
4.613770480000000163e+01, -1.229344619999999964e+02
3.780445569999999833e+01, -1.222713559999999973e+02
4.430370400000000330e+01, -7.011955299999999625e+01
4.091250850000000128e+01, -7.383865040000000590e+01
4.498823829999999901e+01, 3.725603859999999656e+01
4.325861290000000281e+01, -8.114261700000000133e+01
4.322861739999999742e+01, -8.811036909999999978e+01
6.006243059999999900e+01, -1.287068036999999947e+02
4.336789370000000332e+01, -1.242174646999999936e+02
-3.695753249999999923e+01, 1.440595791000000077e+02
2.729393329999999906e+01, -8.035032830000000104e+01
3.393016409999999894e+01, -7.941116460000000643e+01
3.907862420000000014e+01, -8.444834319999999650e+01
3.841672650000000289e+01, -7.745797829999999351e+01
3.973923640000000290e+01, -1.049848620000000068e+02
4.405050539999999870e+01, -1.230950505999999933e+02
4.806671999999999656e+01, -1.176274341999999962e+02
2.074920300000000140e+01, -1.052508274000000057e+02
3.395976770000000045e+01, -8.337639799999999468e+01
5.873275189999999668e+01, 5.735709599999999853e+00
4.587162370000000067e+01, -9.311743699999999535e+01
2.953517240000000044e+01, -9.511615639999999416e+01
3.591315420000000103e+01, -7.905577999999999861e+01
3.295154720000000026e+01, -9.690342440000000579e+01
3.860396130000000170e+01, -1.213830035000000009e+02
4.160269040000000018e+01, -7.505934259999999369e+01
5.235366729999999791e+01, 1.056444699999999903e+00
2.975893819999999934e+01, -9.536769739999999729e+01
2.612230840000000143e+01, -8.014337860000000546e+01
4.431588469999999802e+01, -6.977389949999999885e+01
3.708418379999999814e+01, -9.451333850000000325e+01
4.315728500000000167e+01, -7.761521399999999460e+01
3.474650710000000231e+01, -9.228962669999999946e+01
3.863406570000000073e+01, -9.047855900000000062e+00
4.142264999999999731e+01, -1.223861270000000019e+02
6.234631149999999877e+01, -1.503925522000000115e+02
4.542087769999999836e+01, -7.569011059999999702e+01
3.033218379999999925e+01, -8.165565100000000598e+01
4.842004620000000159e+01, -1.223264199999999988e+02
4.782786560000000264e+01, -1.223053931999999975e+02
4.272620160000000311e+01, -7.119089239999999563e+01
4.800747359999999730e+01, -1.217304881999999964e+02
4.780937200000000331e+01, -1.220936490999999933e+02
4.575966199999999873e+01, -1.097819266000000056e+02
3.033423480000000083e+01, -8.713509790000000521e+01
4.185259839999999798e+01, -7.264370220000000700e+01
4.061789149999999893e+01, -7.537865209999999649e+01
2.982494949999999889e+01, -9.547867540000000020e+01
4.298324060000000202e+01, -8.124337199999999370e+01
3.976875739999999837e+01, -7.667965180000000203e+01
3.699620070000000283e+01, -7.989094740000000172e+01
3.489862149999999730e+01, -1.170244313000000034e+02
2.075739880000000070e+01, -1.559879846000000043e+02
2.562177150000000125e+01, -8.032477480000000014e+01
5.380092830000000248e+01, -1.136506624999999957e+02
3.866195299999999690e+01, -9.056432580000000598e+01
4.475748759999999749e+01, -9.029870710000000145e+01
4.180246040000000107e+01, -8.792998409999999865e+01
3.365237119999999749e+01, -8.136121420000000626e+01
nan, nan
-3.384932320000000061e+01, 1.509148045000000025e+02
3.826399500000000131e+01, -1.046141867000000047e+02
3.022580389999999895e+01, -9.781496509999999489e+01
2.921081470000000024e+01, -8.102283309999999972e+01
6.787694240000000434e+01, 2.489239620000000031e+01
3.720817290000000099e+01, -9.329227149999999824e+01
4.048644440000000344e+01, -8.613363510000000645e+01
4.081485800000000097e+01, -7.350179660000000581e+01
4.405050539999999870e+01, -1.230950505999999933e+02
nan, nan
4.361661629999999690e+01, -1.162008859999999970e+02
3.040575520000000154e+01, -8.661884200000000078e+01
5.258479489999999856e+01, -1.982268700000000106e+00
3.490266350000000273e+01, -7.901169710000000634e+01
4.011094130000000035e+01, -7.703580589999999972e+01
3.514602490000000046e+01, -9.005176380000000336e+01
3.440547200000000316e+01, -1.032050708999999955e+02
3.544119450000000171e+01, -8.977813790000000438e+01
4.071272809999999964e+01, -7.400601519999999311e+01
3.393454330000000141e+01, -9.642860220000000027e+01
3.761952459999999832e+01, -8.457799570000000244e+01
4.660155699999999968e+01, -1.205108419999999967e+02
4.830403900000000306e+01, -1.196370007999999956e+02
4.954722530000000091e+01, 6.345040100000000294e+00
3.764692079999999663e+01, -1.224209706000000040e+02
4.283829589999999854e+01, -1.176285163000000011e+02
4.218877210000000133e+01, -1.203457920000000030e+02
3.267810850000000045e+01, -1.170991966999999931e+02
3.349421889999999991e+01, -1.119260179999999991e+02
4.058717819999999676e+01, -1.050770112999999952e+02
4.497729950000000088e+01, -9.326546919999999830e+01
4.113651219999999853e+01, -9.589373980000000586e+01
4.724550130000000081e+01, -1.224383289999999960e+02
3.842007029999999901e+01, -7.568772219999999606e+01
5.177325569999999999e+01, -3.246953500000000048e+00
3.371496059999999773e+01, -1.167250480999999951e+02
3.782416249999999991e+01, -7.859751369999999326e+01
4.494974870000000067e+01, -9.309310279999999693e+01
3.844049249999999773e+01, -1.227141048999999953e+02
4.546029300000000006e+01, -1.237266793000000007e+02
3.260818739999999849e+01, -8.639580719999999303e+01
4.829315590000000213e+01, -1.226432240000000036e+02
3.412338030000000089e+01, -1.163128791999999976e+02
3.412338030000000089e+01, -1.163128791999999976e+02
3.652776070000000175e+01, -8.735887030000000664e+01
3.387711469999999991e+01, -8.069225939999999753e+01
4.599324599999999919e+01, -1.239202130000000039e+02
3.466280669999999731e+01, -8.070054600000000278e+01
5.104560639999999694e+01, -1.140575410000000005e+02
4.449081699999999984e+01, -1.038593699999999984e+02
5.308356009999999969e+01, -1.224982248000000027e+02
3.398249489999999895e+01, -1.173742380000000054e+02
-1.577545680000000061e+01, 3.504343399999999775e+01
4.381228360000000066e+01, -9.125143549999999948e+01
2.471375240000000062e+01, -8.109035120000000063e+01
2.950745380000000040e+01, -9.509493030000000147e+01
3.590150119999999845e+01, -1.200554518999999942e+02
3.023968650000000125e+01, -8.138563840000000482e+01
3.844225060000000127e+01, -1.052348795000000052e+02
3.844225060000000127e+01, -1.052348795000000052e+02
3.493813610000000125e+01, -8.222721190000000036e+01
5.122585649999999902e+01, 2.919496000000000091e+00
4.231789890000000298e+01, -7.263110059999999635e+01
3.819677250000000157e+01, -8.148758119999999394e+01
3.159705029999999937e+01, -9.459274510000000191e+01
-3.372201009999999854e+01, 1.506792437000000007e+02
4.149965739999999670e+01, -8.169367719999999622e+01
4.235543340000000256e+01, -7.106051100000000531e+01
3.860561309999999935e+01, -8.610108900000000176e+01
4.178825299999999743e+01, -8.969536560000000236e+01
4.136245329999999853e+01, -7.427149810000000230e+01
4.288671659999999974e+01, -7.887839219999999330e+01
3.276661030000000352e+01, -9.659947200000000578e+01
4.676463890000000134e+01, -1.221935390000000012e+02
4.496581359999999705e+01, -1.181837795000000000e+02
4.326720600000000161e+01, -7.358470900000000370e+01
5.231021359999999731e+01, -1.140974154999999968e+02
4.795436790000000116e+01, -1.174768478999999957e+02
3.007957070000000144e+01, -9.541879240000000095e+01
3.436766860000000179e+01, -7.771053320000000042e+01
4.495978579999999880e+01, -8.962727909999999554e+01
4.273007839999999646e+01, -7.370122990000000129e+01
3.341815090000000055e+01, -9.981898040000000094e+01
4.333537439999999918e+01, -7.367653420000000608e+01
3.620797790000000305e+01, -8.629109449999999981e+01
4.266414180000000300e+01, -9.390462250000000211e+01
2.733658050000000017e+01, -8.253085450000000378e+01
3.940646619999999700e+01, -1.054717013000000065e+02
4.236525180000000290e+01, -7.118432359999999903e+01
3.192682569999999842e+01, -9.642942569999999591e+01
5.976832850000000263e+01, -1.516770193000000120e+02
-3.384932320000000061e+01, 1.509148045000000025e+02
3.620874680000000012e+01, -7.990475829999999746e+01
2.918719859999999855e+01, -8.214009230000000628e+01
3.975463489999999922e+01, -1.052205799999999982e+02
2.656257420000000025e+01, -8.194388019999999528e+01
3.262942460000000011e+01, -1.152125465000000020e+02
2.675423119999999955e+01, -8.093367530000000443e+01
-3.372201009999999854e+01, 1.506792437000000007e+02
4.080426740000000052e+01, -7.401208400000000154e+01
4.487652889999999672e+01, -9.192787160000000313e+01
3.040197889999999958e+01, -8.687008210000000474e+01
3.040197889999999958e+01, -8.687008210000000474e+01
3.371928079999999994e+01, -1.162188053999999937e+02
3.487266710000000103e+01, -1.141498579999999947e+02
4.172500589999999931e+01, -9.700281329999999969e+01
3.264479159999999780e+01, -9.654186079999999492e+01
4.144117860000000064e+01, -9.057661439999999686e+01
3.568904200000000060e+01, -1.081492087999999967e+02
3.948291239999999647e+01, -1.060465485999999942e+02
4.071272809999999964e+01, -7.400601519999999311e+01
3.109837470000000081e+01, -9.734295629999999733e+01
3.633007930000000130e+01, -8.418381560000000263e+01
4.404623620000000273e+01, -1.230220288999999951e+02
4.348879070000000269e+01, -1.120362800000000050e+02
4.545307300000000339e+01, -1.095054590000000019e+02
1.808701920000000030e+01, -6.714591140000000280e+01
3.606314139999999924e+01, -8.368601099999999349e+01
3.777817019999999815e+01, -8.118815569999999582e+01
3.705133639999999673e+01, -1.220732900000000001e+02
-2.352342840000000024e+01, -4.619266710000000131e+01
4.409983410000000248e+01, -8.782799199999999473e+01
2.982494949999999889e+01, -9.547867540000000020e+01
5.257002289999999789e+01, -2.082233299999999954e+00
3.889503679999999974e+01, -7.703654269999999826e+01
5.185399550000000346e+01, 1.955686000000000091e-01
nan, nan
3.069106800000000135e+01, -8.191733340000000396e+01
3.341510050000000120e+01, -1.118314550000000054e+02
4.227139449999999954e+01, -8.909396599999999466e+01
4.044169409999999942e+01, -7.999008609999999919e+01
3.505257590000000079e+01, -7.887829200000000185e+01
-2.733121470000000031e+01, -5.551659000000000077e+01
3.227314750000000032e+01, -8.998680579999999907e+01
3.354427809999999965e+01, -8.423380930000000433e+01
4.698092900000000327e+01, -1.238893350000000027e+02
4.125874590000000097e+01, -9.593837580000000287e+01
4.303864750000000328e+01, -8.790907509999999547e+01
-3.501095430000000164e+01, 1.177291402000000033e+02
3.260985660000000053e+01, -8.548078250000000367e+01
-3.145512490000000128e+01, 1.494633220999999992e+02
4.408989400000000103e+01, -1.159520638000000048e+02
2.719616269999999858e+01, -8.249037479999999789e+01
3.375446569999999724e+01, -8.438981510000000696e+01
5.076857809999999915e+01, -2.029726099999999978e+00
4.245643230000000301e+01, -7.106418200000000240e+01
4.582606719999999711e+01, -9.296854229999999575e+01
4.312353999999999843e+01, -7.101150499999999965e+01
4.243741750000000224e+01, -7.654837240000000520e+01
3.344843670000000202e+01, -1.120741409999999973e+02
3.522720859999999732e+01, -8.084308269999999652e+01
nan, nan
4.660155699999999968e+01, -1.205108419999999967e+02
5.165482560000000234e+01, 1.012445199999999979e+01
4.354605159999999842e+01, -8.024932760000000087e+01
4.321650499999999795e+01, -1.233417381000000006e+02
4.651265539999999987e+01, -8.433303010000000199e+01
3.547298860000000076e+01, -9.751705359999999700e+01
4.141347640000000041e+01, -7.330864449999999977e+01
4.139435780000000165e+01, -7.307416969999999878e+01
2.946577309999999983e+01, -8.125768320000000244e+01
4.030427780000000126e+01, -7.399235960000000034e+01
-3.372201009999999854e+01, 1.506792437000000007e+02
3.847640460000000218e+01, -1.017907289999999989e+02
3.474650710000000231e+01, -9.228962669999999946e+01
4.246059170000000194e+01, -8.313464779999999621e+01
3.342934859999999730e+01, -7.912159119999999746e+01
3.607263549999999697e+01, -7.979197539999999833e+01
4.024927410000000094e+01, -7.513406039999999564e+01
4.293360100000000301e+01, -8.534185510000000363e+01
2.807850339999999889e+01, -8.060779080000000363e+01
4.912330709999999812e+01, 1.255379029999999929e+01
4.126335540000000179e+01, -8.217347460000000581e+01
3.848339630000000255e+01, -8.576163189999999759e+01
4.073792639999999921e+01, -9.684556539999999814e+01
4.276001879999999744e+01, -8.791341330000000198e+01
3.811929279999999665e+01, -7.637383769999999572e+01
nan, nan
4.197754270000000076e+01, -1.005741974000000027e+02
4.767685360000000117e+01, -1.229205484000000013e+02
3.122372850000000000e+01, -8.539343750000000455e+01
3.611563060000000291e+01, -9.705857170000000167e+01
3.547298860000000076e+01, -9.751705359999999700e+01
4.405050539999999870e+01, -1.230950505999999933e+02
3.961804039999999816e+01, -7.776536830000000577e+01
3.240005250000000103e+01, -1.109553169999999938e+02
4.219002489999999739e+01, -8.790840389999999616e+01
3.909316170000000312e+01, -7.805944259999999701e+01
4.219002489999999739e+01, -8.790840389999999616e+01
3.935083300000000150e+01, -1.017101720000000000e+02
4.187556159999999750e+01, -8.762442120000000045e+01
3.964527420000000291e+01, -7.436696799999999996e+01
4.113998099999999880e+01, -1.048202459999999974e+02
3.912116559999999765e+01, -8.513134639999999820e+01
4.078476200000000063e+01, -7.993388539999999409e+01
4.106403949999999980e+01, -8.005649280000000090e+01
2.803946540000000098e+01, -8.194980420000000265e+01
4.061491740000000306e+01, -1.119106606999999940e+02
4.378941549999999694e+01, -7.040834340000000680e+01
3.973923640000000290e+01, -1.049848620000000068e+02
nan, nan
3.904901100000000014e+01, -9.567755599999999561e+01
3.624405039999999900e+01, -8.085079679999999769e+01
2.999768070000000009e+01, -9.809878960000000347e+01
4.176458199999999721e+01, -7.269085470000000271e+01
3.487590670000000159e+01, -8.395837099999999964e+01
4.025529389999999808e+01, -7.470381829999999468e+01
2.988357459999999932e+01, -8.243039050000000145e+01
3.973300249999999778e+01, -8.006857730000000117e+01
4.354760079999999789e+01, -9.672936289999999815e+01
3.724141010000000307e+01, -9.822673500000000502e+01
3.735622289999999879e+01, -7.744605830000000424e+01
3.287728340000000316e+01, -1.117536817999999954e+02
3.797168980000000005e+01, -1.008726618000000030e+02
4.074884999999999735e+01, -7.305221400000000642e+01
5.076331760000000060e+01, -1.298518599999999967e+00
3.271742019999999940e+01, -1.171627720000000039e+02
4.120755090000000109e+01, -8.389910720000000310e+01
3.340755339999999762e+01, -1.110770634000000001e+02
nan, nan
3.296790289999999857e+01, -9.742057520000000181e+01
4.222486700000000326e+01, -1.217816700000000054e+02
4.702571389999999951e+01, -9.167305229999999483e+01
nan, nan
3.885255349999999908e+01, -7.687233659999999702e+01
4.873291160000000133e+01, -1.224010458000000057e+02
nan, nan
5.574775340000000057e+01, 9.147778100000000023e+00
3.027112860000000083e+01, -9.774369950000000529e+01
3.184845479999999895e+01, -1.110265945000000016e+02
3.167951479999999975e+01, -1.106555302999999952e+02
3.295154720000000026e+01, -9.690342440000000579e+01
-9.647684299999999880e+00, -3.573392640000000142e+01
4.060060010000000119e+01, -8.397539740000000563e+01
4.348879070000000269e+01, -1.120362800000000050e+02
4.548706450000000245e+01, -1.225039797000000021e+02
4.316770060000000342e+01, -8.906433339999999532e+01
4.163854200000000105e+01, -1.120793929999999961e+02
4.404623620000000273e+01, -1.230220288999999951e+02
3.745782040000000279e+01, -9.334797109999999520e+01
5.081154020000000315e+01, -3.699697000000000124e-01
4.187556159999999750e+01, -8.762442120000000045e+01
3.951845139999999645e+01, -1.047612637999999947e+02
3.504572189999999665e+01, -8.530948829999999816e+01
4.985857839999999896e+01, -1.195828759999999988e+02
4.183639670000000166e+01, -8.764938150000000405e+01
3.609804050000000331e+01, -1.120962786999999992e+02
2.878253499999999931e+01, -8.260652720000000215e+01
3.280917319999999648e+01, -9.811291789999999935e+01
3.405369089999999943e+01, -1.182427660000000031e+02
4.235543340000000256e+01, -7.106051100000000531e+01
nan, nan
3.864289699999999783e+01, -1.212462452999999982e+02
4.563069540000000046e+01, -1.226744556999999958e+02
4.431449640000000301e+01, -1.232974348000000049e+02
4.408060410000000218e+01, -1.032280229999999932e+02
3.915581600000000151e+01, -7.655288310000000251e+01
3.553343790000000268e+01, -8.291069099999999992e+01
3.869962900000000161e+01, -1.211164433999999943e+02
4.601315050000000184e+01, -1.125365079999999978e+02
nan, nan
3.852504909999999683e+01, -8.913340370000000235e+01
3.541082779999999985e+01, -8.084293040000000019e+01
3.609903930000000116e+01, -7.830110600000000431e+01
4.294171990000000250e+01, -7.083787460000000635e+01
nan, nan
3.616227669999999961e+01, -8.677429840000000638e+01
4.067996380000000300e+01, -1.223626507000000032e+02
4.660155699999999968e+01, -1.205108419999999967e+02
3.275317700000000087e+01, -9.733274590000000615e+01
5.792996579999999796e+01, 1.253296779999999977e+01
3.974051109999999909e+01, -1.048309940000000040e+02
4.379747290000000248e+01, -1.230588960000000043e+02
4.186469590000000096e+01, -8.811017089999999996e+01
4.420222929999999906e+01, -8.844653610000000299e+01
nan, nan
3.927761559999999719e+01, -7.457460009999999784e+01
4.430480089999999649e+01, -7.831994960000000106e+01
4.308460170000000033e+01, -8.821394519999999773e+01
-2.756153139999999979e+01, 1.522791353000000072e+02
2.088946839999999838e+01, -1.565089398000000074e+02
3.880510950000000037e+01, -7.704702290000000175e+01
4.120726350000000338e+01, -8.660195620000000361e+01
3.605793800000000005e+01, -7.660772129999999436e+01
3.559159280000000081e+01, -8.256321619999999939e+01
4.454145960000000315e+01, -6.842435989999999890e+01
3.271742019999999940e+01, -1.171627720000000039e+02
2.918719859999999855e+01, -8.214009230000000628e+01
4.110007639999999896e+01, -8.193825169999999503e+01
nan, nan
4.023981179999999824e+01, -7.691997419999999863e+01
4.037719260000000077e+01, -1.055232160000000050e+02
-3.682563999999999993e+01, 1.439118343000000095e+02
3.844963649999999689e+01, -1.231155579999999929e+02
3.879005879999999706e+01, -8.977906559999999558e+01
3.207900740000000184e+01, -8.109213350000000275e+01
4.187556159999999750e+01, -8.762442120000000045e+01
3.862802779999999814e+01, -9.019101539999999773e+01
4.072177500000000094e+01, -7.355829119999999932e+01
nan, nan
3.539930799999999778e+01, -8.043589629999999602e+01
3.883395780000000030e+01, -1.048253480000000053e+02
3.753850870000000128e+01, -7.743428000000000111e+01
nan, nan
3.185145320000000169e+01, -1.098181857999999949e+02
5.165125030000000095e+01, -3.282713199999999887e+00
nan, nan
5.182132119999999986e+01, -3.014793500000000126e+00
nan, nan
3.835657729999999788e+01, -1.219877443999999969e+02
4.718490090000000237e+01, -1.222921400000000034e+02
3.028770390000000035e+01, -9.780681570000000136e+01
3.858011700000000133e+01, -1.025130000000000069e-01
3.857380959999999703e+01, -1.095462140000000062e+02
4.776381179999999915e+01, -5.276524659999999756e+01
nan, nan
4.552024709999999885e+01, -1.226741940000000000e+02
4.016524470000000235e+01, -1.116114725999999990e+02
3.331598749999999853e+01, -1.088828122000000036e+02
3.705922530000000137e+01, -1.208505341999999985e+02
4.578749570000000091e+01, -1.084960700000000031e+02
3.150479809999999858e+01, -1.061592571999999990e+02
3.837377550000000070e+01, -1.107064009999999996e+02
3.955004850000000260e+01, -8.607970790000000250e+01
6.450000000000000000e+01, 1.600000000000000000e+01
5.328406919999999758e+01, -3.581065499999999791e+00
3.034950840000000127e+01, -9.737111799999999562e+01
3.237962939999999890e+01, -8.166316589999999564e+01
3.683406759999999736e+01, 1.031763570000000030e+01
3.409750999999999976e+01, -1.176483876000000066e+02
4.619493930000000148e+01, -5.995619990000000143e+01
3.879073389999999932e+01, -1.212357827999999955e+02
3.477368069999999989e+01, -8.656750949999999989e+01
3.986007500000000192e+01, -8.081536800000000653e+01
2.806534219999999991e+01, -8.178886420000000612e+01
3.294488199999999978e+01, -9.980245299999999986e+01
4.147560310000000072e+01, -8.183930340000000569e+01
4.222888749999999902e+01, -7.151964390000000549e+01
3.477509489999999914e+01, -7.674874869999999305e+01
2.663590089999999933e+01, -8.009615379999999618e+01
-4.527120299999999986e+00, 1.202077886999999947e+02
3.491384399999999744e+01, -8.427870409999999879e+01
3.280405120000000352e+01, -8.194928120000000149e+01
4.222200219999999860e+01, -8.374709830000000466e+01
4.450434289999999748e+01, -7.236599979999999732e+01
5.330423619999999829e+01, -1.124616800000000083e+00
5.577186489999999708e+01, 1.250514130000000002e+01
3.442213189999999656e+01, -1.197026670000000053e+02
3.227357920000000036e+01, -9.012788100000000213e+01
3.227357920000000036e+01, -9.012788100000000213e+01
4.657908690000000007e+01, -1.147187248999999980e+02
3.858106060000000070e+01, -1.214938949999999949e+02
3.382784050000000065e+01, -7.868003229999999348e+01
3.814604400000000339e+01, -1.077414887000000050e+02
4.637967110000000304e+01, -8.662043559999999331e+01
3.926604530000000182e+01, -1.036856688000000020e+02
4.344007179999999835e+01, -7.159326210000000401e+01
5.277618600000000271e+01, -1.083004760000000033e+02
2.966578379999999981e+01, -9.501937289999999336e+01
4.493915650000000284e+01, -1.230331209999999942e+02
3.672911520000000252e+01, -1.082054449999999974e+02
nan, nan
3.684595350000000025e+01, -1.039183642999999932e+02
4.303864750000000328e+01, -8.790907509999999547e+01
4.811814600000000297e+01, -1.234307409999999976e+02
4.132776330000000087e+01, -1.223257911999999976e+02
4.552024709999999885e+01, -1.226741940000000000e+02
3.335276319999999828e+01, -1.117890369999999933e+02
4.309225519999999676e+01, -8.484222389999999336e+01
3.918521839999999656e+01, -7.816524040000000184e+01
3.863263369999999952e+01, -9.078433429999999760e+01
4.080888610000000227e+01, -9.670777510000000632e+01
3.419763079999999889e+01, -1.191803809999999970e+02
3.889157409999999970e+01, -1.212931800000000067e+02
4.149893550000000175e+01, -7.290099250000000097e+01
3.596039480000000310e+01, -8.392102610000000595e+01
3.344843670000000202e+01, -1.120741409999999973e+02
4.015336400000000339e+01, -7.660425209999999652e+01
nan, nan
3.465031960000000311e+01, 1.353849425999999880e+02
3.640723770000000314e+01, -1.055732840000000010e+02
2.930504930000000030e+01, -1.004191820000000064e+02
3.526407629999999926e+01, -1.189142381999999998e+02
nan, nan
3.027112860000000083e+01, -9.774369950000000529e+01
3.976609799999999950e+01, -1.050772063000000003e+02
3.207900740000000184e+01, -8.109213350000000275e+01
3.764692079999999663e+01, -1.224209706000000040e+02
2.787119699999999867e+01, -8.232698829999999646e+01
nan, nan
4.157532820000000129e+01, -8.501607649999999694e+01
4.073565700000000334e+01, -7.417236669999999776e+01
3.412338030000000089e+01, -1.163128791999999976e+02
4.167315229999999815e+01, -9.369733949999999822e+01
3.875660549999999915e+01, -9.042351999999999634e+01
3.222287649999999815e+01, -1.109748469999999969e+02
3.498485670000000169e+01, -8.683832519999999988e+01
3.896953160000000338e+01, -7.738594790000000501e+01
4.713014170000000291e+01, -1.192780769999999961e+02
4.380206259999999929e+01, -8.300047440000000165e+01
nan, nan
3.471377290000000215e+01, -7.724523279999999659e+01
2.824417680000000175e+01, -8.271926709999999616e+01
4.280280799999999886e+01, -8.301298740000000009e+01
3.962968089999999677e+01, -7.995594370000000595e+01
3.375446569999999724e+01, -8.438981510000000696e+01
4.257839959999999735e+01, -8.044054769999999621e+01
3.444504649999999657e+01, -9.218429709999999488e+01
4.307948809999999895e+01, -7.242594540000000336e+01
2.763871629999999868e+01, -8.039753989999999817e+01
3.620417799999999886e+01, -1.160260260999999957e+02
3.222287649999999815e+01, -1.109748469999999969e+02
3.797371139999999912e+01, -8.201735019999999565e+01
nan, nan
3.900483969999999800e+01, -9.412919139999999629e+01
4.260725519999999733e+01, -8.392939520000000186e+01
3.595457319999999868e+01, 1.436398119999999956e+01
3.457773999999999859e+01, -1.131742844999999988e+02
-3.481480679999999950e+01, 1.385670519999999897e+02
3.928390360000000214e+01, -1.060626170000000030e+02
nan, nan
3.616742630000000247e+01, -1.151484130999999991e+02
4.552024709999999885e+01, -1.226741940000000000e+02
3.950692599999999999e+01, -7.765221710000000144e+01
nan, nan
3.405369089999999943e+01, -1.182427660000000031e+02
3.244267589999999757e+01, -9.778705250000000149e+01
4.225992970000000071e+01, -7.223978060000000312e+01
3.415913239999999718e+01, -1.185016166000000055e+02
3.342542590000000047e+01, -9.404309370000000001e+01
3.415131050000000101e+01, -9.928608570000000100e+01
2.982494949999999889e+01, -9.547867540000000020e+01
4.530034700000000214e+01, -1.229727510000000024e+02
4.379747290000000248e+01, -1.230588960000000043e+02
3.871647709999999876e+01, -7.508351070000000504e+01
nan, nan
3.987844659999999664e+01, -7.509267380000000003e+01
3.001103579999999837e+01, -9.071953560000000039e+01
-2.852056290000000160e+01, 1.535399971999999877e+02
3.764692079999999663e+01, -1.224209706000000040e+02
nan, nan
3.844450810000000018e+01, -8.582968909999999596e+01
3.486886129999999895e+01, -1.117614394000000004e+02
4.402343869999999981e+01, -9.246301819999999339e+01
4.552024709999999885e+01, -1.226741940000000000e+02
3.975574590000000086e+01, -7.422073949999999343e+01
4.016245310000000046e+01, -8.572608040000000074e+01
3.419763079999999889e+01, -1.191803809999999970e+02
-3.384932320000000061e+01, 1.509148045000000025e+02
3.655023800000000023e+01, -8.255942930000000501e+01
3.154918989999999823e+01, -9.714746279999999956e+01
2.982494949999999889e+01, -9.547867540000000020e+01
3.821201440000000105e+01, -8.522356659999999806e+01
4.410885019999999912e+01, -7.912267679999999359e+01
3.962968089999999677e+01, -7.995594370000000595e+01
nan, nan
3.375446569999999724e+01, -8.438981510000000696e+01
3.932975290000000257e+01, -7.650754290000000424e+01
3.027112860000000083e+01, -9.774369950000000529e+01
-3.191286399999999901e+01, 1.524608480999999927e+02
-3.372201009999999854e+01, 1.506792437000000007e+02
5.354620549999999923e+01, -1.134912410000000023e+02
3.767426820000000021e+01, -8.227736289999999997e+01
3.945867230000000347e+01, -7.681853759999999909e+01
4.469666889999999881e+01, -6.558307030000000282e+01
3.804936500000000166e+01, -1.221585776999999950e+02
3.251353559999999732e+01, -9.374778390000000172e+01
4.767653820000000309e+01, -1.222070774999999969e+02
3.852490650000000016e+01, -1.219708009999999945e+02
4.245549450000000036e+01, -1.215042530999999997e+02
-3.372201009999999854e+01, 1.506792437000000007e+02
-1.674199649999999906e+01, -4.387072560000000010e+01
3.609981309999999866e+01, -8.024405179999999405e+01
6.489298900000000003e+01, -1.468753150999999946e+02
2.805901760000000067e+01, -8.251339609999999425e+01
-2.746896230000000116e+01, 1.530235008999999877e+02
nan, nan
3.274789299999999770e+01, -9.647192889999999466e+01
1.833965650000000025e+01, -6.725065170000000592e+01
3.962679750000000212e+01, -7.822795139999999492e+01
4.129828189999999921e+01, -1.120795161000000064e+02
3.972117930000000285e+01, -8.229876149999999768e+01
3.811020729999999901e+01, -1.180192760000000050e+02
3.337031970000000314e+01, -1.125837760000000003e+02
5.352569629999999989e+01, -1.132966310000000050e+02
3.948375879999999682e+01, -7.662351049999999475e+01
4.270225270000000251e+01, -8.340271799999999303e+01
4.767429940000000244e+01, -1.167811530999999974e+02
2.799469690000000099e+01, -8.063661439999999914e+01
3.508758360000000209e+01, -8.403463150000000326e+01
4.213453390000000098e+01, -7.389179819999999665e+01
3.425724989999999792e+01, -1.186017022000000054e+02
4.651265539999999987e+01, -8.433303010000000199e+01
2.982494949999999889e+01, -9.547867540000000020e+01
4.263897980000000132e+01, -7.138284029999999802e+01
5.270775499999999880e+01, -2.754065799999999786e+00
5.089952029999999894e+01, -1.327540600000000071e+00
-3.349833329999999876e+01, 1.513844444000000067e+02
3.973923640000000290e+01, -1.049848620000000068e+02
4.169787769999999938e+01, -7.272370630000000347e+01
-3.372201009999999854e+01, 1.506792437000000007e+02
3.858106060000000070e+01, -1.214938949999999949e+02
3.882441359999999975e+01, -9.086831189999999481e+01
nan, nan
4.808493119999999976e+01, -1.231096706000000012e+02
4.228585360000000293e+01, -8.297806950000000370e+01
4.167398620000000165e+01, -7.307316400000000556e+01
nan, nan
nan, nan
4.105142990000000225e+01, -8.660306479999999851e+01
3.754942049999999654e+01, -1.224935409999999933e+02
4.825226099999999718e+01, -1.216038759999999996e+02
4.410581959999999668e+01, -7.299713730000000567e+01
3.676203009999999693e+01, -8.369491759999999658e+01
nan, nan
3.820504420000000323e+01, -8.757418760000000191e+01
3.770809849999999841e+01, -8.764584650000000465e+01
3.880980300000000227e+01, -8.220236909999999853e+01
nan, nan
nan, nan
nan, nan
5.089719269999999796e+01, -1.374228900000000086e+00
3.282998659999999802e+01, -1.135449868999999978e+02
2.975893819999999934e+01, -9.536769739999999729e+01
4.263424220000000275e+01, -7.456403240000000210e+01
3.573333120000000207e+01, -8.134429149999999709e+01
3.952334239999999710e+01, -1.053054989999999975e+02
3.941490340000000003e+01, -8.505632339999999658e+01
4.286202870000000331e+01, -1.124506269999999972e+02
4.777492000000000161e+01, -9.263406500000000676e+01
3.880705789999999666e+01, -7.559131530000000510e+01
3.234744630000000143e+01, -9.738654940000000693e+01
3.698385799999999790e+01, -1.197134623999999974e+02
3.779837559999999996e+01, -8.776196450000000482e+01
4.017099350000000157e+01, -8.241830129999999599e+01
3.628069399999999689e+01, -8.035921969999999703e+01
2.130454699999999946e+01, -1.578556759999999883e+02
4.061491740000000306e+01, -1.119106606999999940e+02
3.023787510000000012e+01, -9.218019250000000397e+01
3.346697209999999956e+01, -1.176981075000000061e+02
3.071910880000000077e+01, 1.038193298999999996e+02
3.125997170000000125e+01, 3.519512180000000257e+01
4.353598170000000067e+01, -7.071459900000000687e+01
4.014130320000000296e+01, -7.422366180000000213e+01
nan, nan
4.426139669999999882e+01, -8.840697439999999574e+01
3.040197889999999958e+01, -8.687008210000000474e+01
3.537387120000000351e+01, -1.190194630000000018e+02
4.375334139999999650e+01, -8.844937960000000032e+01
3.615631220000000212e+01, -9.599275160000000540e+01
3.195577679999999887e+01, -1.107726863000000037e+02
3.928064510000000098e+01, -8.034453410000000417e+01
3.910010499999999922e+01, -9.457814159999999504e+01
1.077936479999999975e+01, 1.066922806000000037e+02
3.382462689999999839e+01, -1.165403029999999944e+02
2.982494949999999889e+01, -9.547867540000000020e+01
3.297444639999999794e+01, -9.734825920000000110e+01
2.130454699999999946e+01, -1.578556759999999883e+02
3.222287649999999815e+01, -1.109748469999999969e+02
3.684965789999999686e+01, -7.597607510000000275e+01
-3.384932320000000061e+01, 1.509148045000000025e+02
3.626341089999999667e+01, -9.423187280000000499e+01
4.694138769999999994e+01, -1.226063900000000046e+02
3.996226010000000173e+01, -8.300070650000000683e+01
4.698120629999999665e+01, -1.236026619999999951e+02
3.425544740000000132e+01, -7.800749059999999702e+01
3.405369089999999943e+01, -1.182427660000000031e+02
3.334966620000000148e+01, -9.655470379999999864e+01
2.696200530000000128e+01, -8.235259519999999611e+01
3.029468590000000106e+01, -8.139313959999999781e+01
-3.384932320000000061e+01, 1.509148045000000025e+02
3.910145370000000042e+01, -8.451246020000000669e+01
3.271742019999999940e+01, -1.171627720000000039e+02
3.389433929999999862e+01, -7.842667199999999639e+01
4.304812210000000050e+01, -7.614742440000000556e+01
4.411712649999999769e+01, -7.955601330000000360e+01
3.584820340000000272e+01, -8.269310629999999662e+01
3.765761849999999811e+01, -8.097647949999999639e+01
3.474650710000000231e+01, -9.228962669999999946e+01
3.930990249999999975e+01, -1.205399297000000018e+02
4.390112299999999834e+01, -8.585172900000000595e+01
3.418367099999999681e+01, -1.189118299999999948e+02
3.590374380000000087e+01, -8.109063559999999882e+01
3.438639129999999966e+01, -1.033163279999999986e+02
3.354427809999999965e+01, -8.423380930000000433e+01
3.954972430000000116e+01, -1.049695650000000029e+02
3.902778320000000178e+01, -9.465579139999999825e+01
3.327570060000000041e+01, -8.297625890000000481e+01
3.412587750000000142e+01, -1.099376055999999977e+02
4.136759080000000210e+01, -7.506239469999999869e+01
3.942845030000000150e+01, -7.449570760000000291e+01
nan, nan
3.405369089999999943e+01, -1.182427660000000031e+02
2.460345650000000006e+01, -8.167259400000000369e+01
4.050646299999999655e+01, -1.114132962999999990e+02
4.033395889999999895e+01, -7.929975729999999601e+01
4.263354879999999980e+01, -8.431243920000000003e+01
4.214876910000000265e+01, -7.260711190000000670e+01
3.919776259999999724e+01, -9.450379019999999741e+01
nan, nan
nan, nan
4.644987900000000280e+01, -9.018362079999999992e+01
4.013038219999999967e+01, -7.551491280000000472e+01
2.806534219999999991e+01, -8.178886420000000612e+01
3.879907769999999800e+01, -9.068243850000000350e+01
nan, nan
3.393288419999999661e+01, -8.371299580000000162e+01
4.249325749999999857e+01, -8.300627459999999758e+01
5.104560639999999694e+01, -1.140575410000000005e+02
3.176067319999999938e+01, -9.308602089999999407e+01
4.075372529999999927e+01, -8.606903250000000583e+01
3.232848990000000100e+01, -9.327989169999999319e+01
5.354620549999999923e+01, -1.134912410000000023e+02
nan, nan
4.366185920000000209e+01, -7.940217719999999701e+01
3.838227200000000039e+01, -8.721278630000000476e+01
4.811814600000000297e+01, -1.234307409999999976e+02
4.698092900000000327e+01, -1.238893350000000027e+02
-4.527120299999999986e+00, 1.202077886999999947e+02
3.870998960000000011e+01, -1.051399799999999942e+02
-2.686253830000000065e+01, 2.666568140000000042e+01
4.288671659999999974e+01, -7.887839219999999330e+01
4.484267779999999703e+01, 6.550361510000000465e+01
4.217225030000000174e+01, -8.842691999999999553e+01
5.341343830000000281e+01, -2.760784999999999823e+00
3.777421520000000044e+01, -8.711333039999999528e+01
-3.380222200000000043e+01, 1.988361099999999837e+01
nan, nan
nan, nan
2.734771890000000027e+01, -8.260487129999999922e+01
4.933389929999999879e+01, -9.603558370000000366e+01
3.857380959999999703e+01, -1.095462140000000062e+02
4.403130889999999908e+01, -7.168681449999999700e+01
3.747808140000000066e+01, -9.724072069999999712e+01
3.234105519999999956e+01, -9.032159830000000511e+01
3.433822570000000240e+01, -8.437657140000000311e+01
3.433822570000000240e+01, -8.437657140000000311e+01
3.294817890000000205e+01, -9.672972059999999317e+01
4.620870659999999930e+01, -1.191199189999999959e+02
3.684965789999999686e+01, -7.597607510000000275e+01
-1.674199649999999906e+01, -4.387072560000000010e+01
4.139435780000000165e+01, -7.307416969999999878e+01
3.878026510000000115e+01, -7.738671329999999671e+01
4.926216430000000202e+01, -1.227805419999999970e+02
-3.372201009999999854e+01, 1.506792437000000007e+02
4.219393639999999834e+01, -7.336277300000000423e+01
3.875094880000000330e+01, -7.747526670000000593e+01
2.704422399999999982e+01, -8.223592539999999929e+01
3.522257170000000315e+01, -9.743948159999999348e+01
4.139435780000000165e+01, -7.307416969999999878e+01
3.972849449999999649e+01, -1.218374776999999938e+02
3.423676209999999998e+01, -8.449076209999999776e+01
5.576011739999999861e+01, -4.179640100000000302e+00
nan, nan
4.243741750000000224e+01, -7.654837240000000520e+01
3.054420909999999978e+01, -9.836697970000000169e+01
3.726585399999999737e+01, -9.776560920000000010e+01
3.369564609999999760e+01, -7.889004090000000247e+01
4.166037879999999660e+01, -7.145589110000000233e+01
nan, nan
3.297444639999999794e+01, -9.734825920000000110e+01
2.995591449999999867e+01, -9.007302590000000464e+01
3.349421889999999991e+01, -1.119260179999999991e+02
3.405369089999999943e+01, -1.182427660000000031e+02
3.783997910000000076e+01, -9.470828819999999837e+01
-3.384932320000000061e+01, 1.509148045000000025e+02
2.779030320000000032e+01, -9.766888430000000199e+01
4.494974870000000067e+01, -9.309310279999999693e+01
3.979985849999999914e+01, -8.828845520000000135e+01
4.269446450000000226e+01, -7.245601689999999451e+01
4.187556159999999750e+01, -8.762442120000000045e+01
2.956331989999999976e+01, -9.501972299999999905e+01
4.014477320000000304e+01, -8.424244489999999530e+01
4.704510220000000231e+01, -1.228950075000000055e+02
2.536965849999999989e+01, 4.958652239999999978e+01
2.892943160000000091e+01, -8.166563050000000601e+01
4.227088040000000291e+01, -7.267195789999999533e+01
2.982494949999999889e+01, -9.547867540000000020e+01
3.954046790000000300e+01, -1.197487234999999970e+02
4.372317530000000119e+01, -1.111108870000000053e+02
3.459724489999999975e+01, -8.376330579999999770e+01
5.221085010000000182e+01, -4.189485999999999599e+00
3.615597240000000312e+01, -8.179966039999999339e+01
3.946670249999999669e+01, -8.741391190000000222e+01
5.574775340000000057e+01, 9.147778100000000023e+00
3.609981309999999866e+01, -8.024405179999999405e+01
6.123490280000000041e+01, -1.495969222999999886e+02
nan, nan
3.374752029999999792e+01, -1.169719683999999944e+02
4.366185920000000209e+01, -7.940217719999999701e+01
4.202217540000000184e+01, 2.141900370000000109e+01
4.587075999999999709e+01, -1.120974939999999975e+02
5.215308790000000272e+01, 8.639471500000000859e+00
4.251860980000000012e+01, -9.096124179999999626e+01
3.853711950000000286e+01, -1.059909679999999952e+02
4.506780320000000017e+01, -1.227996820000000042e+02
4.330108400000000302e+01, -1.038254759999999948e+02
4.072177500000000094e+01, -7.355829119999999932e+01
2.698242000000000118e+01, -8.210688729999999680e+01
2.846352660000000157e+01, -8.253635570000000143e+01
3.935607550000000288e+01, -7.727610169999999812e+01
4.011517659999999807e+01, -7.436477720000000602e+01
4.449104020000000048e+01, -7.318610639999999989e+01
3.568760960000000182e+01, -1.059384560000000022e+02
3.833356940000000179e+01, -1.132754828000000060e+02
3.610285960000000216e+01, -7.827872290000000532e+01
3.596062150000000202e+01, -1.190358468999999957e+02
3.777925880000000092e+01, -1.224193286000000001e+02
3.529762980000000283e+01, -8.101616860000000031e+01
3.995276340000000204e+01, -1.051685977000000065e+02
3.971575330000000292e+01, -8.110787829999999587e+01
3.820998370000000222e+01, -8.455971279999999979e+01
nan, nan
4.556318759999999912e+01, -7.349063409999999408e+01
4.724550130000000081e+01, -1.224383289999999960e+02
4.208979649999999850e+01, -7.680773379999999406e+01
4.071272809999999964e+01, -7.400601519999999311e+01
5.040285349999999909e+01, 5.077617499999999673e+00
3.124378719999999987e+01, -9.045315359999999316e+01
4.121106000000000336e+01, -1.119518979999999999e+02
4.071272809999999964e+01, -7.400601519999999311e+01
3.670364699999999658e+01, -9.708189799999999536e+01
3.133932619999999858e+01, -8.560505259999999339e+01
3.195753050000000073e+01, -1.109556644999999975e+02
2.606286649999999838e+01, -8.023310379999999498e+01
2.087387689999999907e+01, -1.566776779999999860e+02
3.367833360000000198e+01, -1.180000160000000022e+02
3.430762519999999682e+01, -1.184492147999999929e+02
4.006396159999999895e+01, -8.072091489999999681e+01
4.697370300000000043e+01, -1.241562770000000029e+02
nan, nan
4.432474129999999946e+01, -7.988823460000000409e+01
3.894311830000000185e+01, -8.454410900000000595e+01
5.129186930000000189e+01, -7.539835999999999760e-01
4.051815700000000220e+01, -7.441139259999999922e+01
3.804640659999999741e+01, -8.449703929999999730e+01
5.858333300000000321e+01, 1.450000000000000000e+01
nan, nan
4.430724589999999807e+01, -1.186854495999999983e+02
3.791477400000000131e+01, -1.215940051999999980e+02
-2.331429659999999870e+01, -5.116224249999999785e+01
nan, nan
4.108306400000000025e+01, -8.151848499999999831e+01
3.940642840000000291e+01, -8.879006889999999430e+01
3.319586960000000175e+01, -1.173794829999999934e+02
3.657895299999999850e+01, -9.299767559999999378e+01
2.784280250000000123e+01, -8.269954439999999352e+01
3.884622360000000185e+01, -7.730637330000000418e+01
3.122964290000000176e+01, 1.214621647000000024e+02
3.857380959999999703e+01, -1.095462140000000062e+02
4.453633640000000327e+01, -1.229072328999999968e+02
3.443705109999999792e+01, -8.991592269999999587e+01
4.491989600000000138e+01, -9.293394490000000019e+01
4.097966830000000016e+01, -7.411944029999999373e+01
4.304812210000000050e+01, -7.614742440000000556e+01
4.352363199999999921e+01, -8.354329300000000558e+01
3.606735319999999945e+01, -8.125369870000000105e+01
3.406758659999999850e+01, -1.185956719999999933e+02
4.198559720000000084e+01, -7.244739789999999857e+01
3.709231309999999837e+01, -8.133508390000000077e+01
3.576850999999999914e+01, -1.066921554999999984e+02
nan, nan
4.280280799999999886e+01, -8.301298740000000009e+01
3.983665280000000308e+01, -1.050372045999999955e+02
3.976860549999999961e+01, -9.484663220000000194e+01
nan, nan
3.615631220000000212e+01, -9.599275160000000540e+01
2.840083190000000002e+01, -9.774833119999999553e+01
4.404623620000000273e+01, -1.230220288999999951e+02
3.766882050000000248e+01, -1.220807960000000065e+02
3.357231910000000141e+01, -8.161820860000000266e+01
3.994039949999999806e+01, -1.050520800000000037e+02
4.398000859999999790e+01, -1.241013089000000065e+02
4.505640410000000173e+01, -9.281349819999999795e+01
3.903194779999999753e+01, -1.227994776000000030e+02
3.342551170000000127e+01, -1.119400160000000000e+02
nan, nan
4.137759960000000348e+01, -7.182729109999999650e+01
3.712418610000000285e+01, -7.639214610000000505e+01
4.181196020000000146e+01, -7.926544520000000205e+01
nan, nan
4.620524509999999907e+01, -8.223180100000000436e+01
3.486869339999999795e+01, -8.583942000000000405e+01
4.309208999999999889e+01, 2.497491000000000128e+01
4.137753850000000000e+01, -7.970867370000000562e+01
nan, nan
2.942460020000000043e+01, -9.849514050000000509e+01
3.405369089999999943e+01, -1.182427660000000031e+02
4.916387699999999938e+01, -1.239381220000000070e+02
2.148343649999999982e+01, -1.580364836999999909e+02
-3.477588159999999817e+01, -5.839711989999999986e+01
3.544212300000000226e+01, -9.760038350000000662e+01
3.682522769999999923e+01, -1.197029193999999990e+02
4.051753510000000347e+01, -8.016432319999999834e+01
3.749465680000000134e+01, -1.208465941000000043e+02
3.916472170000000119e+01, -2.542312999999999934e-01
3.784060379999999668e+01, -8.860922150000000386e+01
3.567397150000000039e+01, -9.407353559999999959e+01
3.769223610000000235e+01, -9.733754480000000342e+01
4.434601010000000088e+01, 8.435759300000000849e+00
4.043999000000000166e+01, -9.462329739999999845e+01
4.260725519999999733e+01, -8.392939520000000186e+01
3.387529450000000253e+01, -1.175664440000000042e+02
nan, nan
3.057775110000000041e+01, -9.827565049999999758e+01
3.995972129999999822e+01, -7.560596379999999783e+01
3.514602490000000046e+01, -9.005176380000000336e+01
3.301367640000000137e+01, -9.669250959999999395e+01
4.345129099999999767e+01, -8.049278150000000664e+01
3.666894460000000322e+01, -8.996870210000000156e+01
4.121993249999999875e+01, -8.470385999999999527e+00
4.071272809999999964e+01, -7.400601519999999311e+01
4.161328999999999922e+01, -7.429391010000000506e+01
4.258031220000000161e+01, -8.303020329999999660e+01
3.403517269999999684e+01, -7.789359659999999508e+01
4.213453390000000098e+01, -7.389179819999999665e+01
4.076954570000000189e+01, -7.402041769999999588e+01
4.181196020000000146e+01, -7.926544520000000205e+01
3.777763889999999947e+01, -7.651356300000000488e+01
2.608734069999999861e+01, -8.172803550000000428e+01
3.965481859999999870e+01, -7.757276810000000467e+01
5.354620549999999923e+01, -1.134912410000000023e+02
3.312167509999999737e+01, -1.170814849000000066e+02
4.767429940000000244e+01, -1.167811530999999974e+02
3.303698669999999993e+01, -1.172919818000000021e+02
6.600000000000000000e+01, 2.300000000000000000e+01
3.929088159999999874e+01, -7.661075900000000161e+01
3.858106060000000070e+01, -1.214938949999999949e+02
2.999422649999999990e+01, -9.024178059999999846e+01
3.950692599999999999e+01, -7.765221710000000144e+01
3.865512400000000071e+01, -9.434710719999999640e+01
4.396842639999999847e+01, -8.894662329999999884e+01
nan, nan
6.518515189999999393e+01, -1.234209440000000058e+02
4.110357859999999874e+01, -8.065201609999999732e+01
5.080473630000000185e+01, 2.388738160000000121e+01
nan, nan
4.229351520000000164e+01, -7.547925920000000133e+01
3.867795910000000248e+01, -1.211760579999999976e+02
4.075423750000000211e+01, -8.636251910000000009e+01
4.295591449999999867e+01, -7.722069129999999859e+01
2.743958080000000166e+01, -8.268590790000000368e+01
4.975721560000000210e+01, -9.455689069999999674e+01
3.897191370000000177e+01, -9.523594029999999577e+01
nan, nan
3.722555930000000046e+01, -1.075981120000000004e+02
nan, nan
3.902520499999999970e+01, -7.700961239999999464e+01
5.835220400000000041e+01, 8.538843899999999820e+00
3.873283039999999744e+01, -8.647360190000000557e+01
-3.229669580000000195e+01, 1.157685635999999931e+02
5.083158949999999976e+01, 2.340021580000000156e+01
3.680867099999999681e+01, -1.216433861000000007e+02
2.786444219999999916e+01, 3.429544700000000290e+01
3.964452140000000213e+01, -8.085759930000000395e+01
4.364001669999999677e+01, -1.164685510999999991e+02
4.264144370000000350e+01, -7.130853290000000300e+01
3.503237800000000135e+01, -7.954754370000000563e+01
3.497453200000000351e+01, -9.201653360000000248e+01
4.738269030000000015e+01, -1.222270271999999949e+02
4.289106970000000274e+01, 2.471235340000000136e+01
3.691483050000000077e+01, -1.114572940000000045e+02
nan, nan
3.876667979999999858e+01, -9.355854580000000453e+01
-3.361663680000000198e+01, 1.491640564999999867e+02
4.069160810000000339e+01, -7.520998659999999347e+01
4.301201859999999755e+01, -7.077194260000000270e+01
4.842831819999999965e+01, -1.233649529999999999e+02
3.691483050000000077e+01, -1.114572940000000045e+02
3.342551170000000127e+01, -1.119400160000000000e+02
4.824205239999999861e+01, -7.902053779999999961e+01
3.487590670000000159e+01, -8.395837099999999964e+01
3.933033569999999912e+01, -8.440827500000000327e+01
4.276703760000000187e+01, -7.874355169999999760e+01
4.166287700000000171e+01, -8.853668140000000619e+01
3.560057950000000204e+01, -8.238767330000000300e+01
nan, nan
5.517108000000000345e+01, -1.187949873000000025e+02
3.264052470000000028e+01, -1.154748989999999935e+02
6.403734780000000626e+01, -1.457321570000000008e+02
3.762772199999999856e+01, -7.735381759999999929e+01
3.047221529999999845e+01, -8.834654629999999997e+01
3.989396479999999912e+01, -8.592194170000000497e+01
4.805243420000000043e+01, -1.199033759000000003e+02
4.030806859999999858e+01, -7.693514450000000693e+01
4.775046700000000044e+01, -9.033467500000000427e+01
3.296011920000000117e+01, -9.683000289999999666e+01
nan, nan
4.408060410000000218e+01, -1.032280229999999932e+02
3.818979060000000203e+01, -8.546301300000000367e+01
5.166631890000000027e+01, -3.197432899999999911e+00
3.616742630000000247e+01, -1.151484130999999991e+02
4.060281439999999975e+01, -8.686723390000000222e+01
4.025998700000000241e+01, -7.479092160000000433e+01
nan, nan
4.149965739999999670e+01, -8.169367719999999622e+01
4.750488510000000275e+01, -1.112918899999999951e+02
3.361347669999999965e+01, -1.145937536999999935e+02
4.219724870000000294e+01, -1.227153995000000037e+02
4.490329630000000094e+01, -9.356634549999999706e+01
3.804640659999999741e+01, -8.449703929999999730e+01
3.772492960000000295e+01, -1.221560767999999939e+02
3.285461970000000065e+01, -7.997481030000000146e+01
3.405695790000000045e+01, -1.182322039999999959e+02
3.788575819999999794e+01, -1.221180200999999954e+02
3.094687910000000031e+01, -9.753716310000000078e+01
4.481134899999999988e+01, -9.149849410000000205e+01
4.076543010000000322e+01, -7.381742909999999824e+01
3.875212350000000328e+01, -1.212880059000000017e+02
4.273382540000000063e+01, -8.455462950000000433e+01
3.908894690000000338e+01, -8.449195240000000240e+01
4.138565460000000229e+01, -7.243564220000000375e+01
4.353598170000000067e+01, -7.071459900000000687e+01
nan, nan
3.911877249999999862e+01, -1.215547913999999992e+02
3.413620749999999759e+01, -1.180401497000000006e+02
nan, nan
3.735294360000000324e+01, -8.434041949999999588e+01
3.908179849999999789e+01, -7.715168439999999350e+01
3.229986860000000348e+01, -9.018304080000000056e+01
3.243402489999999716e+01, -8.665470190000000628e+01
4.797934370000000115e+01, -1.222127011000000039e+02
-3.153867899999999835e+01, 1.164006286999999986e+02
3.806084440000000058e+01, -9.792977430000000538e+01
4.257324679999999972e+01, -1.128772120000000001e+02
4.724550130000000081e+01, -1.224383289999999960e+02
3.526062550000000329e+01, -9.711974789999999302e+01
4.618820070000000300e+01, -1.238319802000000038e+02
4.240858970000000028e+01, -7.105420019999999681e+01
3.547298860000000076e+01, -9.751705359999999700e+01
nan, nan
3.222287649999999815e+01, -1.109748469999999969e+02
nan, nan
3.613967800000000352e+01, -1.203601495999999997e+02
4.298147699999999816e+01, -7.094783429999999669e+01
4.886272019999999827e+01, -1.210263226999999944e+02
3.412338030000000089e+01, -1.163128791999999976e+02
3.862802779999999814e+01, -9.019101539999999773e+01
2.619075429999999827e+01, -9.769605989999999451e+01
4.767653820000000309e+01, -1.222070774999999969e+02
3.194931229999999900e+01, -9.873727300000000184e+01
3.264541160000000275e+01, -8.537827950000000499e+01
3.469810640000000035e+01, -1.181366153000000025e+02
4.473190939999999927e+01, -9.321771999999999991e+01
5.319452419999999648e+01, -2.526916799999999963e+00
3.493314529999999962e+01, -8.384712229999999522e+01
4.055848819999999932e+01, -1.119367107000000061e+02
nan, nan
4.630039150000000348e+01, -1.193473120000000023e+02
2.982494949999999889e+01, -9.547867540000000020e+01
3.401947040000000300e+01, -1.184912269999999950e+02
2.656651659999999993e+01, -8.005352709999999661e+01
2.664062799999999953e+01, -8.187230839999999432e+01
4.624720450000000227e+01, -1.141555462000000034e+02
3.375446569999999724e+01, -8.438981510000000696e+01
3.461580699999999666e+01, 4.367860600000000204e+01
3.686598310000000112e+01, -7.683079270000000349e+01
3.351512309999999673e+01, 3.628773410000000155e+01
4.635567110000000213e+01, -7.946794069999999977e+01
4.087924300000000244e+01, -7.294013569999999902e+01
nan, nan
nan, nan
4.761286739999999895e+01, -1.223365806999999990e+02
4.181940809999999686e+01, -7.137625699999999540e+01
nan, nan
nan, nan
nan, nan
4.426281250000000256e+01, -7.649621969999999749e+01
4.125874590000000097e+01, -9.593837580000000287e+01
4.022869649999999808e+01, -1.127532355999999965e+02
3.461721030000000354e+01, -9.840378880000000095e+01
3.411622030000000194e+01, -8.871171809999999880e+01
nan, nan
nan, nan
3.303698669999999993e+01, -1.172919818000000021e+02
5.490585120000000074e+01, -1.382872700000000066e+00
4.496034600000000125e+01, 1.440793709999999983e+01
nan, nan
nan, nan
4.172470849999999842e+01, 4.471665490000000176e+01
3.656053680000000128e+01, -9.616252989999999556e+01
4.494346809999999692e+01, -6.864302080000000217e+01
4.697586150000000060e+01, 3.199396660000000026e+01
nan, nan
4.164144499999999738e+01, -8.015144899999999950e+01
4.358962309999999718e+01, -7.964438789999999813e+01
3.538143680000000302e+01, -7.854805629999999894e+01
4.134764399999999895e+00, -7.362015169999999387e+01
4.071272809999999964e+01, -7.400601519999999311e+01
3.512925090000000239e+01, -8.618665319999999497e+01
4.450513190000000208e+01, -1.142313699999999983e+02
3.964448980000000233e+01, -8.686473159999999893e+01
4.409163499999999658e+01, -9.618864200000000153e+01
3.047852569999999872e+01, -9.003757550000000265e+01
nan, nan
5.065305930000000245e+01, -1.153628700000000062e+00
4.419490139999999911e+01, -7.722743869999999333e+01
5.240826630000000108e+01, 1.693351990000000029e+01
4.433269320000000135e+01, -8.461651639999999475e+01
3.344843670000000202e+01, -1.120741409999999973e+02
3.344843670000000202e+01, -1.120741409999999973e+02
nan, nan
6.125328170000000227e+01, -1.498081736000000035e+02
1.839742289999999869e+01, -6.605011100000000113e+01
4.184980819999999824e+01, -7.533684279999999944e+01
3.731239049999999935e+01, -7.953990029999999933e+01
3.858939339999999873e+01, -1.198345012999999994e+02
3.568340400000000301e+01, -8.576998159999999416e+01
3.968283579999999944e+01, -7.575156819999999414e+01
nan, nan
nan, nan
4.373492900000000105e+01, -8.781887810000000627e+01
4.210187640000000187e+01, -7.258867270000000360e+01
3.440102100000000007e+01, -8.887207809999999597e+01
3.508410339999999650e+01, -1.066509850000000057e+02
4.127871040000000136e+01, -7.252759039999999402e+01
3.494369040000000126e+01, -8.563218999999999426e+01
4.237319480000000027e+01, -7.251987610000000473e+01
5.124941689999999994e+01, -7.630147999999999930e-01
5.365990709999999808e+01, -6.238332100000000047e+00
-3.384932320000000061e+01, 1.509148045000000025e+02
5.206381789999999654e+01, -7.678671999999999720e-01
3.460868539999999882e+01, -9.839033050000000458e+01
4.139481700000000330e+01, -7.345401110000000244e+01
4.764461099999999760e+01, -1.175932719999999989e+02
5.295341930000000019e+01, -1.149646100000000004e+00
3.351469180000000136e+01, -1.129073644000000058e+02
2.743958080000000166e+01, -8.268590790000000368e+01
5.153001799999999832e+01, 4.603468300000000113e+01
4.180525389999999675e+01, -8.094762059999999337e+01
nan, nan
-2.665867899999999935e+01, 2.858980599999999939e+01
5.148165459999999882e+01, -3.179193399999999947e+00
4.750488510000000275e+01, -1.112918899999999951e+02
nan, nan
3.325485799999999870e+01, -1.163569487000000038e+02
4.401722420000000113e+01, -9.358857170000000281e+01
2.886137649999999866e+01, -8.190647049999999751e+01
4.477487479999999920e+01, -1.178343840000000000e+02
-3.529652360000000044e+01, 1.491295735999999863e+02
4.220040900000000050e+01, -8.315064359999999510e+01
3.913991870000000262e+01, -7.719292149999999708e+01
5.451727149999999966e+01, -1.285995479999999986e+02
3.250254710000000102e+01, -9.211621900000000096e+01
3.132850570000000090e+01, -1.109450472000000048e+02
4.926087239999999667e+01, -1.231139519999999976e+02
4.549151849999999797e+01, -1.228694179999999960e+02
3.522720859999999732e+01, -8.084308269999999652e+01
4.476064809999999738e+01, -8.561659760000000574e+01
3.337031970000000314e+01, -1.125837760000000003e+02
3.042908179999999874e+01, -9.054870119999999645e+01
4.105566449999999890e+01, -7.400762760000000640e+01
-1.674199649999999906e+01, -4.387072560000000010e+01
4.775458270000000027e+01, -1.221588902000000019e+02
2.592063590000000062e+01, -9.746637169999999628e+01
4.808493119999999976e+01, -1.231096706000000012e+02
4.071272809999999964e+01, -7.400601519999999311e+01
3.999901189999999929e+01, -7.824042210000000352e+01
4.151254550000000165e+01, -8.036792880000000139e+01
nan, nan
nan, nan
4.165288929999999823e+01, -7.020363050000000271e+01
5.330423619999999829e+01, -1.124616800000000083e+00
5.330423619999999829e+01, -1.124616800000000083e+00
5.077527760000000256e+01, 7.189550699999999850e+00
4.076953029999999956e+01, -7.352932459999999537e+01
4.065260059999999953e+01, -7.394972110000000498e+01
5.163641100000000250e+01, -1.024313006000000001e+02
1.770785580000000081e+01, 8.330878819999999507e+01
3.486286369999999835e+01, -8.753752529999999865e+01
4.476064809999999738e+01, -8.561659760000000574e+01
3.568340400000000301e+01, -8.576998159999999416e+01
4.459897670000000147e+01, -7.151122990000000357e+01
4.768589250000000135e+01, -1.232907026999999971e+02
3.441561370000000153e+01, -1.187927456000000035e+02
4.058208400000000182e+01, -9.169848190000000443e+01
-2.580805600000000055e+01, 2.874138900000000163e+01
3.218259799999999871e+01, -9.578931780000000629e+01
nan, nan
4.079854639999999932e+01, -8.137495079999999348e+01
4.892977030000000127e+01, -1.140154371999999938e+02
3.939846519999999686e+01, -7.938231439999999850e+01
2.854211090000000084e+01, -8.137903040000000487e+01
4.722581720000000161e+01, -1.225371324999999985e+02
nan, nan
5.573530039999999985e+01, 9.128147900000000092e+00
3.364088449999999852e+01, -1.176029340999999988e+02
4.071272809999999964e+01, -7.400601519999999311e+01
4.107510479999999831e+01, -1.119741925000000009e+02
4.612629460000000137e+01, 1.503683919999999929e+01
3.708338930000000033e+01, -8.860004779999999869e+01
5.265083090000000254e+01, 1.723770000000000024e+00
3.804640659999999741e+01, -8.449703929999999730e+01
3.167321039999999854e+01, -9.832559430000000589e+01
2.717139249999999961e+01, -8.028422170000000335e+01
nan, nan
3.271742019999999940e+01, -1.171627720000000039e+02
3.414694159999999812e+01, -1.182478471000000013e+02
5.318014920000000245e+01, -6.798193099999999767e+00
-3.313680670000000106e+01, 1.481754822999999988e+02
5.332063999999999737e+01, -2.531798699999999958e+00
4.914218999999999937e+01, -5.534362800000000249e+01
4.485964979999999969e+01, -9.262550480000000164e+01
4.262847899999999868e+01, -8.925612569999999835e+01
3.821293250000000086e+01, -8.612538600000000599e+01
3.777925880000000092e+01, -1.224193286000000001e+02
3.277015099999999848e+01, -7.983133549999999445e+01
5.513536239999999822e+01, -7.453109000000000428e+00
nan, nan
3.105601319999999888e+01, -9.746445300000000600e+01
3.618593010000000021e+01, -9.534302390000000571e+01
nan, nan
-3.384932320000000061e+01, 1.509148045000000025e+02
nan, nan
3.753850870000000128e+01, -7.743428000000000111e+01
2.131560299999999941e+01, -1.580088039999999978e+02
4.176086080000000322e+01, -9.112631980000000453e+01
3.942733700000000141e+01, -7.523407679999999687e+01
3.526218370000000135e+01, -1.166892291000000057e+02
3.889503679999999974e+01, -7.703654269999999826e+01
3.926099210000000284e+01, -7.674554779999999710e+01
3.680104469999999850e+01, 6.093264399999999803e+00
2.187665259999999989e+01, -1.594539140999999915e+02
3.154918989999999823e+01, -9.714746279999999956e+01
4.919130330000000129e+01, -1.228491429999999980e+02
4.578135319999999808e+01, -1.225337432999999976e+02
2.776353020000000171e+01, -9.740331910000000448e+01
3.167951479999999975e+01, -1.106555302999999952e+02
4.307340200000000152e+01, -7.184509300000000565e+01
3.167951479999999975e+01, -1.106555302999999952e+02
3.825423760000000328e+01, -8.575940699999999595e+01
3.858106060000000070e+01, -1.214938949999999949e+02
3.167951479999999975e+01, -1.106555302999999952e+02
4.148148479999999694e+01, -7.321316930000000411e+01
4.724550130000000081e+01, -1.224383289999999960e+02
3.383475159999999704e+01, -1.179117320000000007e+02
4.114120779999999655e+01, -7.326372580000000312e+01
3.339432819999999680e+01, -1.045229518000000013e+02
4.556160750000000093e+01, -9.416420039999999858e+01
5.392195850000000235e+01, -3.032728599999999997e+00
3.401947040000000300e+01, -1.184912269999999950e+02
3.114312569999999880e+01, -9.326511259999999481e+01
3.301861029999999886e+01, -1.170610494999999958e+02
4.110357859999999874e+01, -8.065201609999999732e+01
4.309119979999999828e+01, -7.350303250000000332e+01
4.155365290000000300e+01, -8.745204839999999535e+01
4.303895899999999841e+01, -7.507043600000000083e+01
5.964540639999999883e+01, -1.515445642999999905e+02
3.996226010000000173e+01, -8.300070650000000683e+01
4.386634639999999763e+01, -9.511693660000000250e+01
3.875226070000000078e+01, -7.689691550000000575e+01
3.222287649999999815e+01, -1.109748469999999969e+02
2.802224349999999831e+01, -8.173285679999999331e+01
2.802224349999999831e+01, -8.173285679999999331e+01
3.416597949999999884e+01, -8.134982119999999384e+01
4.321021960000000206e+01, -7.545839560000000290e+01
3.864289699999999783e+01, -1.212462452999999982e+02
-3.317713049999999697e+01, 1.174347300000000018e+02
4.117926949999999664e+01, -7.318878630000000385e+01
4.122259319999999860e+01, -7.429431780000000174e+01
4.111120689999999911e+01, -7.409986499999999410e+01
4.232225989999999882e+01, -8.317631450000000370e+01
4.032812469999999649e+01, -7.961531979999999464e+01
nan, nan
4.137120629999999721e+01, -7.341400969999999404e+01
4.071272809999999964e+01, -7.400601519999999311e+01
2.982494949999999889e+01, -9.547867540000000020e+01
3.043808320000000123e+01, -8.428093320000000688e+01
4.356855319999999665e+01, -8.603960089999999639e+01
3.878482489999999672e+01, -7.696940159999999764e+01
3.998372100000000273e+01, -1.048110774999999961e+02
4.018012730000000232e+01, -1.184747267999999991e+02
3.945089370000000173e+01, -8.409604520000000605e+01
3.358621490000000165e+01, -8.628608880000000170e+01
4.648966980000000149e+01, -8.406573620000000346e+01
4.210187640000000187e+01, -7.258867270000000360e+01
3.558485960000000148e+01, -8.081007239999999570e+01
3.767410950000000014e+01, -1.121564999999999941e+02
4.143517949999999672e+01, -7.311727689999999313e+01
nan, nan
5.199436939999999652e+01, -7.325654999999999806e-01
3.405369089999999943e+01, -1.182427660000000031e+02
5.490585120000000074e+01, -1.382872700000000066e+00
4.529228489999999852e+01, -9.421206669999999406e+01
4.087124099999999771e+01, -7.304541639999999347e+01
3.512124089999999654e+01, -8.151592460000000528e+01
3.508675769999999972e+01, -8.981008579999999597e+01
3.902116149999999806e+01, -8.626165430000000356e+01
2.630139820000000128e+01, -9.816245010000000093e+01
3.440144349999999918e+01, -1.115070623000000012e+02
3.875094880000000330e+01, -7.747526670000000593e+01
3.444425470000000189e+01, -8.571968929999999887e+01
4.064142509999999930e+01, -1.169338287000000065e+02
4.235543340000000256e+01, -7.106051100000000531e+01
5.230345880000000136e+01, -3.813986999999999794e-01
4.023289040000000227e+01, -7.400097030000000586e+01
3.397984720000000181e+01, -1.174515753999999959e+02
4.221196840000000350e+01, -8.823813810000000046e+01
3.441279629999999656e+01, -1.185538087999999988e+02
4.088537730000000181e+01, -7.395235970000000236e+01
4.613821120000000064e+01, -6.019419119999999879e+01
4.490222899999999839e+01, -8.506088499999999897e+01
nan, nan
2.577417279999999877e+01, -8.019361999999999568e+01
3.753850870000000128e+01, -7.743428000000000111e+01
3.450230289999999655e+01, -9.795781289999999331e+01
3.271742019999999940e+01, -1.171627720000000039e+02
4.084723689999999863e+01, -7.340363189999999349e+01
4.151651609999999692e+01, -7.271207929999999919e+01
4.403182699999999983e+01, -7.724693299999999851e+01
3.476953600000000222e+01, -9.226709409999999423e+01
nan, nan
2.975893819999999934e+01, -9.536769739999999729e+01
3.559536299999999898e+01, -8.255084069999999485e+01
3.916703960000000251e+01, -8.653428809999999771e+01
3.771125519999999653e+01, -7.749248450000000332e+01
5.414187859999999830e+01, -2.812365499999999852e+00
4.336005360000000053e+01, -8.031230229999999892e+01
4.264586829999999651e+01, -8.529084039999999334e+01
3.271742019999999940e+01, -1.171627720000000039e+02
3.733616630000000214e+01, -1.218905910000000006e+02
3.114312569999999880e+01, -9.326511259999999481e+01
4.078263400000000161e+01, -7.325663319999999601e+01
4.235543340000000256e+01, -7.106051100000000531e+01
3.405369089999999943e+01, -1.182427660000000031e+02
3.410842910000000217e+01, -8.603469529999999565e+01
3.673944209999999799e+01, -1.197848299999999995e+02
3.277627189999999757e+01, -9.679685589999999706e+01
5.117168949999999938e+01, -1.640754000000000101e-01
4.084620429999999658e+01, -7.474324559999999451e+01
3.273558160000000328e+01, -9.710711860000000684e+01
2.999422649999999990e+01, -9.024178059999999846e+01
3.882441359999999975e+01, -9.086831189999999481e+01
6.008176149999999893e+01, -1.513682090000000073e+02
nan, nan
3.733616630000000214e+01, -1.218905910000000006e+02
2.988321050000000056e+01, -9.767362919999999349e+01
4.248509310000000028e+01, -7.143283999999999878e+01
nan, nan
3.368569690000000350e+01, -1.178259809999999987e+02
3.401947040000000300e+01, -1.184912269999999950e+02
1.047075509999999987e+01, -6.683725710000000220e+01
4.141699739999999963e+01, -8.160595809999999517e+01
4.216466150000000113e+01, -8.783858920000000126e+01
3.919384289999999993e+01, -7.686460920000000385e+01
3.968283579999999944e+01, -7.575156819999999414e+01
4.251952920000000091e+01, -7.089672260000000392e+01
3.835269129999999649e+01, -1.209327169999999967e+02
3.562069240000000292e+01, -1.176720969999999937e+02
3.944395240000000058e+01, -8.282711820000000102e+01
3.380954870000000057e+01, -8.423964340000000561e+01
3.336631049999999732e+01, -1.172233068999999972e+02
3.029468590000000106e+01, -8.139313959999999781e+01
3.922615040000000164e+01, -8.849422590000000355e+01
3.505257590000000079e+01, -7.887829200000000185e+01
4.349164999999999992e+01, -1.033129749999999945e+02
3.825204229999999939e+01, -8.486338120000000629e+01
4.127942819999999813e+01, -7.259831509999999355e+01
nan, nan
4.030427780000000126e+01, -7.399235960000000034e+01
2.995591449999999867e+01, -9.007302590000000464e+01
3.777925880000000092e+01, -1.224193286000000001e+02
4.208419359999999898e+01, -8.801312749999999596e+01
4.206939909999999827e+01, -8.768293199999999388e+01
4.808705799999999897e+01, -1.142311672999999956e+02
3.568925229999999971e+01, 5.138960039999999907e+01
4.009789289999999795e+01, -7.421764349999999411e+01
4.432519419999999855e+01, -7.298680749999999762e+01
nan, nan
4.180065230000000298e+01, -7.312122139999999604e+01
3.032556459999999987e+01, 7.804368130000000292e+01
4.508380979999999738e+01, -9.300693040000000167e+01
-4.321710000000000385e+00, 1.531225109999999923e+01
3.278921179999999680e+01, -1.145560617999999948e+02
-2.911639500000000069e+01, 2.621549600000000169e+01
4.208066170000000028e+01, -7.093559899999999629e+01
3.568925229999999971e+01, 5.138960039999999907e+01
3.568925229999999971e+01, 5.138960039999999907e+01
4.170655390000000295e+01, -7.392836719999999673e+01
nan, nan
2.862752529999999851e+01, -8.136564189999999996e+01
4.187579470000000015e+01, -7.226427610000000357e+01
4.064296420000000154e+01, -7.401314159999999731e+01
5.490585120000000074e+01, -1.382872700000000066e+00
3.974051109999999909e+01, -1.048309940000000040e+02
4.207226510000000275e+01, -8.619973930000000450e+01
5.073526209999999992e+01, 7.102463499999999819e+00
4.071272809999999964e+01, -7.400601519999999311e+01
4.056718099999999794e+01, -7.463468299999999545e+01
3.753850870000000128e+01, -7.743428000000000111e+01
3.401238459999999719e+01, 7.157874579999999298e+01
3.607263549999999697e+01, -7.979197539999999833e+01
4.733320230000000350e+01, -1.186908269999999987e+02
3.451147040000000032e+01, -1.100796079999999932e+02
3.696394759999999735e+01, -9.379575909999999794e+01
3.466280669999999731e+01, -8.070054600000000278e+01
3.964283619999999786e+01, -8.428660829999999748e+01
3.694799660000000330e+01, -8.108697469999999896e+01
3.825423760000000328e+01, -8.575940699999999595e+01
nan, nan
3.402806189999999731e+01, -1.179530969999999996e+02
4.170010429999999957e+01, -7.076281290000000013e+01
3.494980069999999728e+01, -8.193201569999999379e+01
nan, nan
nan, nan
4.909452960000000132e+01, -1.177097658999999936e+02
2.982494949999999889e+01, -9.547867540000000020e+01
3.105209650000000110e+01, -9.321691549999999893e+01
nan, nan
4.073006850000000156e+01, -7.321072660000000099e+01
3.538803380000000232e+01, -9.442650109999999586e+01
nan, nan
3.754826969999999875e+01, -1.219885709999999932e+02
4.609246970000000232e+01, -8.864261790000000474e+01
3.383713920000000286e+01, -1.183413606000000016e+02
4.160086809999999957e+01, -8.760698940000000334e+01
3.514602490000000046e+01, -9.005176380000000336e+01
4.782786560000000264e+01, -1.223053931999999975e+02
3.361900310000000047e+01, -8.386740519999999321e+01
nan, nan
3.974051109999999909e+01, -1.048309940000000040e+02
4.195422330000000244e+01, -7.528054009999999607e+01
3.836590149999999966e+01, -9.765751710000000685e+01
4.207504649999999913e+01, -7.203373759999999493e+01
3.675354860000000201e+01, -1.203815570000000008e+02
3.190378139999999973e+01, -9.439520219999999995e+01
2.995591449999999867e+01, -9.007302590000000464e+01
nan, nan
4.071272809999999964e+01, -7.400601519999999311e+01
2.982494949999999889e+01, -9.547867540000000020e+01
4.377487630000000252e+01, -8.844580329999999435e+01
4.278705810000000298e+01, -8.780439250000000584e+01
4.723067400000000049e+01, -1.221978596000000010e+02
4.729715709999999973e+01, -9.283102470000000039e+01
3.744168630000000064e+01, -9.842257730000000038e+01
3.744168630000000064e+01, -9.842257730000000038e+01
nan, nan
nan, nan
4.750488510000000275e+01, -1.112918899999999951e+02
3.389492700000000269e+01, -1.182266240000000010e+02
3.271742019999999940e+01, -1.171627720000000039e+02
nan, nan
3.277038410000000113e+01, -8.911534880000000669e+01
-3.384932320000000061e+01, 1.509148045000000025e+02
3.339432819999999680e+01, -1.045229518000000013e+02
3.970857360000000114e+01, -1.050846693999999957e+02
nan, nan
5.208583889999999883e+01, 4.301719799999999871e+00
4.337892000000000081e+01, -8.465972700000000373e+01
