# steady states, a_0_stable_fp, a_1_stable_fp, a_2_stable_fp, a_3_stable_fp, a_tot, x_tot, y_tot, N*alpha_matrix_parameters, N*beta_matrix_parameters, (N-1)*k_+_parameters, (N-1)*k_-_parameters, (N-1)*p_+_parameters, (N-1)*p_-_parameters
1.000000000000000000e+00,2.265641989059275635e-02,5.513647971633257178e-02,1.141171945722514475e-03,9.210659284473521335e-01,1.000000000000000000e+00,2.038190115880357013e-03,5.309934131399978233e-03,1.037612576169917247e+03,7.219473324566805968e+04,3.866113233863460664e+03,6.322559223171101621e+04,1.172879197225481621e+05,1.179726453022986350e-02,7.044412431787080777e+02,4.148980077443258807e+01,1.280563802528089218e+04,2.964714937055532573e+04,2.914346156393348938e+05,1.000000000000000056e-01,4.457755719498822873e+04,4.484980394790132777e+03,2.481813783216876800e+03,1.159020443935349816e+06,2.258523408400933477e+02,1.006218275261523964e-01,1.205512309301028494e+06,1.000000000000000056e-01
1.000000000000000000e+00,2.607635138705844682e-05,3.947837690906286982e-05,3.775854461422273323e-02,9.621759006574811535e-01,1.000000000000000000e+00,4.103465607130745568e-03,4.568936266892133398e-03,3.144463066100972937e+05,2.076753591111639707e+02,1.645147536655893782e+05,5.823876023443021113e+05,5.079834845799531904e+05,1.711068413536407595e+00,4.531200120806756786e+03,2.209282435094901884e+05,1.149894984185629291e+05,4.915994131148608867e+05,1.664435777034295825e+04,9.702080533146319794e+04,8.012129923052026425e+04,3.979524195329244094e+02,1.432298794609316683e+05,2.146892891395556546e+02,6.574950074659739130e+02,8.629228344460909721e+05,8.171903728758806551e+01,8.538885463583346436e+00
1.000000000000000000e+00,3.781537942553731642e-04,9.996160750914995230e-01,2.740865830395878019e-06,3.030248414748193397e-06,1.000000000000000000e+00,3.255900919278639804e-04,5.262618838547498956e-02,6.146902753750762204e+05,2.994573533537696931e+05,1.559059325578458499e-01,1.227610943772032442e+04,4.560328635461899012e+02,1.691067758822490869e+05,3.743438604320889226e+03,1.922768139085159928e+05,9.296512121941032819e+05,2.971447970184397946e+03,1.000000000000000056e-01,1.147287435710671710e+00,5.257769667211509077e+05,5.545009739869372424e+03,2.073051016013733872e+00,2.795334969310498564e+05,1.793589102190928708e+00,1.919565117847146212e+02,1.325242563095015976e+04,3.086221073092658140e-01
1.000000000000000000e+00,1.336496506760975526e-07,7.452884656105414254e-05,9.261436080450816104e-11,9.999253374111739534e-01,1.000000000000000000e+00,3.237224086179221662e-03,4.802042453860360521e-02,1.307023905911781003e+04,1.348621664685002711e-10,1.889002614087997790e+04,4.305692283021344803e+06,4.638945718003278039e-04,2.633072429401055444e+06,1.700324994709902455e+02,7.675487750022043656e+02,5.140840174772537284e+04,1.083004177883506447e+00,3.407071100390757900e+06,2.798398710311080784e-01,3.081639463582827375e+03,3.146016031909159210e+04,8.601011194739971543e+05,1.985361903410878170e+01,1.000000000000000056e-01,1.000000000000000056e-01,6.465601426530464657e+00,4.749443295793771540e+03
1.000000000000000000e+00,6.031200558576611803e-02,9.086500321862072127e-01,2.576420626538192954e-02,5.273755962644788298e-03,1.000000000000000000e+00,1.000000000000000048e-04,1.359762948489715191e-04,7.492937760015722404e+01,5.684108973510129545e+03,6.282169218538292625e+02,3.514314691666561430e+03,8.279809938573396266e+02,8.709391938139368072e-01,7.053894730993007543e+05,1.623295742496876301e+04,1.308130532571834920e+04,1.592865811030673103e+04,1.266881517764214193e+06,4.840830213344600708e+01,7.715380558269408531e+06,1.416852914594435424e+05,3.643407049606730230e+06,1.000000000000000056e-01,1.668013364168924454e+05,3.175763075390158687e+06,1.825457995430567069e+06,5.839829378309425920e+03
1.000000000000000000e+00,9.999939053995431371e-01,1.451130211719966116e-08,5.279720908833153958e-06,8.003682459012395611e-07,1.000000000000000000e+00,1.000000000000000048e-04,7.721542020230967585e-04,2.358652699744150959e+04,1.946340836776554715e+04,7.814307576760557822e+03,9.657180043995425876e+03,1.252832894735517766e+05,1.650735491152601753e+04,3.274235716299489723e+05,2.137469902155772274e+02,2.977030976339358315e+00,2.331327828270328464e+05,1.612899910693186976e+05,7.775642691476047039e+05,1.000000000000000056e-01,1.139999336604168639e+05,1.982758552883718628e+06,5.755448669413015523e+03,1.389274817525023245e+05,5.780538036215158354e+04,9.167187867025698069e+05,3.697513135313211940e+06
1.000000000000000000e+00,8.067043393376616134e-02,1.100931194871048423e-02,2.887666686507370239e-01,6.195535854667864051e-01,1.000000000000000000e+00,2.606524715132064064e-03,1.052437930911994876e-02,9.403529864052090943e+02,6.193904020674367530e+02,3.260099372468986257e+04,1.110242172296629178e+04,1.794783345004602234e+04,8.165746302685163755e+03,1.313638295839963030e+04,4.527402360582249239e+05,8.675022052705482929e+04,4.367542204875993406e+01,1.391021384600560123e+05,9.449508143405764713e+04,1.000000000000000056e-01,2.649100008863718249e+05,2.606590836708826828e+04,2.143322298814105686e-01,5.313270893226409726e+02,2.046478640670651512e+05,6.362564078574929590e+04,1.903477815869667189e-01
1.000000000000000000e+00,1.126031279382130488e-05,4.540940393892220778e-06,3.459965406812715212e-08,9.999841641471581832e-01,1.000000000000000000e+00,6.516633791125806333e-03,1.230276931873866379e-02,3.173945700619130730e+04,2.479728648665184778e+02,5.253439380818659629e+03,2.610507176637534518e+06,4.446375116138918601e-03,2.996805547307957895e+05,3.750750987077226746e+05,6.908355740072904155e+03,4.826801181394666287e+02,6.602093213535299583e+04,1.000000000000000056e-01,1.772388905134019588e+00,2.852049850791670949e+01,2.171006988695919233e+02,1.000000000000000056e-01,8.690636334712097596e+04,1.580754900221347514e-01,1.141686554122779635e+05,1.335970832535239788e+04,3.393737158892607226e+02
1.000000000000000000e+00,8.572766959182610835e-03,1.636907318898996738e-02,6.532865991873841871e-01,3.217715606644432347e-01,1.000000000000000000e+00,8.208526081209813674e-04,1.301106794027634059e-02,2.512681443532922572e+02,5.009888900800874690e+05,1.433808232445651956e+05,4.122780669443596707e+04,1.951655148390122922e+05,3.499320806544170637e+01,4.707245770401677873e+04,5.144671872186454013e+06,1.390650568332751282e+05,9.831246398270184272e+01,4.868319707852839201e+04,1.000000000000000056e-01,1.412904117623493948e+05,4.892492075133640355e+03,1.514384948201701336e+05,1.380753799515316859e+04,8.543409422890061978e+05,9.160553658208106853e+00,1.000000000000000056e-01,2.436742114616079562e+04
1.000000000000000000e+00,1.249831573945508133e-11,9.999981445287214887e-01,6.489015433193264494e-13,1.855458131250209419e-06,1.000000000000000000e+00,2.099659255962451135e-03,4.709743186960694606e-04,1.357408581292679855e+03,6.927786491552653629e-03,1.609036858003489107e-05,1.138916501812516362e-04,1.163251401356949627e-02,2.910888570641602200e+04,2.030967667996826265e+02,1.638212732333857093e+04,2.651337006849929690e+06,3.860717662332182165e+00,1.000000000000000056e-01,3.544232175788819550e-01,2.435390877056442605e+03,3.214690580113527290e+02,1.437548420208647258e+03,2.924276903030897374e+05,1.000000000000000056e-01,1.120506720697540295e+05,1.880420853483174142e+04,1.017542618350093471e+04
1.000000000000000000e+00,1.452629790047021695e-06,5.999249141369489014e-05,9.033231535615241441e-06,9.999295216472606773e-01,1.000000000000000000e+00,1.000000000000000048e-04,6.960993843203172604e-03,8.227522245114951147e+03,2.639023457108277739e+02,5.424687190084459871e+02,1.277767847148008826e+02,7.038334084848716417e-06,4.554319874286407139e+04,1.664090341993693073e+04,6.308440143524580890e+01,1.017160934235362220e+06,6.933660431863535196e+05,9.269430924819242500e+04,1.526192694667358417e+06,1.076216678070021408e+04,1.000128456072903122e+06,1.970726554916266585e+06,3.750432526179291926e+03,4.120768370634758071e+02,5.598662127084449436e-01,2.056161168945063400e+04,1.118693622271893779e+06
1.000000000000000000e+00,6.907805536974228472e-03,9.923513525342626540e-01,1.101468947937231510e-04,6.306950339693973007e-04,1.000000000000000000e+00,1.000000000000000048e-04,3.761252975386248092e-04,3.205977120709709425e+02,1.222329957630121207e+05,9.680358573432594130e+04,4.081807560344167287e+05,2.903740444146161899e+05,7.874121621928571258e+05,1.168768202043197816e+06,2.871399021260763220e+02,2.295559031053637591e+04,3.817642589129918633e+02,9.426602433342438303e+01,1.000000000000000056e-01,1.084592485056706573e+04,9.272698778850397503e+04,1.000000000000000056e-01,1.053452360334830359e+06,2.140032742671691230e+05,3.025943142722021730e+04,1.394580609086301643e+06,5.811344204949667910e+05
1.000000000000000000e+00,2.188646950795634927e-02,9.434089919653049217e-01,6.780718817853549456e-05,3.463673133856015607e-02,1.000000000000000000e+00,7.912667746898612367e-03,5.185599747390709589e-04,1.835077421886455966e+06,4.098663035315877642e+05,1.228976247505613137e+05,2.635375595939191771e+04,1.517353313733695250e+05,3.399197215743907691e+03,3.720535609597114846e+06,2.758560516146605733e+04,9.291839651800289923e-01,1.407819193456641187e+04,4.707223798197321594e+05,4.230160597846515157e+04,2.637510029716362478e+05,5.290277194182997391e+02,1.000000000000000056e-01,3.051992325720934787e+03,1.840142719359555747e+06,3.521395189248208226e+03,1.000000000000000056e-01,1.000000000000000056e-01
1.000000000000000000e+00,5.937596852612001246e-04,6.250862927438223700e-03,5.733809457707787771e-02,9.358172828102226948e-01,1.000000000000000000e+00,2.909390847153365059e-02,1.731848172174211761e-02,9.284660815649784126e+03,3.271623858982677339e+05,5.398206138044249383e+04,4.109716528274629673e+04,1.912408729326063258e+04,3.403474782766052531e+00,1.864109770694832841e+05,3.134396847339777742e+06,3.603273005892611764e+03,2.834098145491984178e+04,7.316641773193115660e+04,1.000000000000000056e-01,3.246203066509566781e+01,1.682222914148548807e+04,1.191177414822500396e+04,1.807649728223677957e+05,1.399572274929197156e+05,7.310748096658289433e+05,4.067803499262869309e+02,3.595606453512364533e+04
1.000000000000000000e+00,9.991690369546762929e-01,1.371917990944265586e-07,7.853045339459261169e-04,4.552131957868965628e-05,1.000000000000000000e+00,1.000000000000000048e-04,2.534711347787021660e-03,3.728287625799874050e+00,2.896070333832552933e+03,1.975451791758260224e+05,8.782773314928940636e+02,6.469791604667028878e+05,9.604829164788194475e+02,2.893698303037468941e+04,1.305744098667472144e+03,1.632870992710373866e+04,2.844296064509717689e+04,4.246053450945331715e+05,5.739358273188661784e+06,9.116436730931989132e+02,2.957600383278997615e+05,6.580115424659152050e+05,2.260040512065945368e+05,1.452283415137094744e+04,9.087789876047724392e+05,5.944173769264385337e+05,4.829388529845483718e+05
1.000000000000000000e+00,4.381321560856008771e-08,7.368037756137810003e-08,1.126817920107135544e-02,9.887317033053354409e-01,1.000000000000000000e+00,3.684277251171277218e-02,6.243882703762445099e-03,6.196800458789733739e+02,5.890680814638531592e+04,2.041096038686367534e-03,1.641763324858145497e+05,1.182084180370611139e+06,6.801135076306623523e+04,4.017238692554269619e+01,8.650209195881626556e+02,8.958333155544704059e+05,1.450212675040798495e+06,3.524658466023400365e+02,7.870264173833514398e-01,2.639343640017601729e+02,9.131968684790543048e+05,2.193183804308573250e+06,7.605962245901731755e+00,2.811643513385698157e+02,9.388941836176107927e+02,1.414644243501541860e+04,6.930946780668248539e+04
1.000000000000000000e+00,3.064341992594214054e-02,1.561274808033889826e-04,3.519112385919252739e-02,9.340093287340619499e-01,1.000000000000000000e+00,1.230321392791575326e-02,1.000000000000000048e-04,7.535426575687473814e+04,7.041305509048618842e+05,8.997984479186125384e+01,2.907062493513683849e-06,4.965051248939547688e+06,1.581276835120051354e+07,1.518167459798630807e+04,2.289890907022668107e+05,1.014186784407446976e+04,2.560610051835519844e+05,5.269858792273162398e+05,1.364518097562793628e+03,2.253219738090873747e+01,5.080086551269055053e+04,3.376794747827035280e+03,6.371571257147433935e+05,2.474070238752269688e+03,9.764674681391716149e+02,1.015656896171384282e+01,1.000000000000000056e-01
1.000000000000000000e+00,9.854801973546007954e-01,1.565027606046830576e-05,1.429312774017030795e-02,2.110246291684436670e-04,1.000000000000000000e+00,8.241544055525711369e-04,1.000000000000000048e-04,8.176746360785160505e+04,1.022724399357118159e+03,4.355365267078540326e-01,1.101073422382505669e+05,1.203748920850279741e+06,3.992980950367521018e+02,1.040451075280039532e+02,3.654336634679765848e+04,1.000000000000000056e-01,2.284723833186033062e+03,1.000000000000000056e-01,3.512721862863632268e+05,3.731134746297599225e+00,2.146348367944794518e+04,1.060092131782002252e+04,6.431132550423369139e+03,7.487334734365214899e+03,4.429576239163885475e+05,1.134996897599299438e+06,1.399487236596195260e+06
1.000000000000000000e+00,9.959345573375999461e-01,3.095846284901342669e-05,3.989647975104038992e-03,4.483622444695356535e-05,1.000000000000000000e+00,2.579708972385953009e-03,8.308123096961689269e-03,5.201378070757983369e+04,1.171221402910423931e+06,6.319211076402942126e+04,4.619357973187212483e+05,1.538906792702259963e+03,2.275633566483294126e+05,5.833556604018670041e+05,4.869640712262403304e-03,5.111405158277491090e-01,1.525196169799407016e+03,5.629271030805714418e+02,9.177856055412406988e+01,6.483240592752039433e+06,1.990023938542683609e+06,5.003541543904360384e+06,1.104623212712645675e+01,2.933593701846247313e+03,1.724461638086466352e+06,2.749515024338923977e+05,1.000000000000000056e-01
1.000000000000000000e+00,9.999951406505855900e-01,3.225692382073622131e-08,4.782135819201268521e-06,4.495667138559866771e-08,1.000000000000000000e+00,9.756932023526017350e-03,1.479640380647591173e-02,4.255689658962426620e+03,2.073411013385580009e+04,1.210020559383196378e+05,2.365251550114806741e+05,6.852180331715666739e+01,2.280031476589049998e+04,5.545847135205205632e+03,2.485484772603818274e+05,1.000000000000000056e-01,1.830958558641816257e+06,1.405483147268693983e+03,7.398840068429176426e+03,4.295587355343861273e+05,4.672794986382958204e-01,1.707968115717015462e+04,1.062656189510455079e+04,2.889827828321812558e+05,2.868131758891145822e+01,1.482922053589065285e+02,2.879504392489540709e+00
1.000000000000000000e+00,9.999866974297741962e-01,3.346598068891942683e-06,2.616239710108790146e-07,9.694348185873558066e-06,1.000000000000000000e+00,1.971056180144044269e-04,2.619352854563926358e-02,1.953925995740944188e+01,4.927434243926670163e-03,3.439162264519910677e+05,2.785437063990722527e+05,6.410988229011047224e+03,1.722000217021164934e-03,3.230243720588411670e+05,3.042904076304897103e+02,2.806245002529896796e+06,5.314695294286114091e+01,1.020060582675010199e+06,7.242635283378692111e+04,2.301743826063196684e+04,1.105558286458567309e+05,5.571519030082405079e+05,1.839528607049845554e+00,3.735400916101546454e+00,7.696469962911888433e+04,1.590935449179915122e+04,1.356030083399998754e+00
1.000000000000000000e+00,1.312414656176512026e-03,7.517802606692214340e-02,1.291805814720053719e-04,9.233803786954293269e-01,1.000000000000000000e+00,2.008487215074587252e-03,1.000000000000000048e-04,7.900228473743575730e-02,4.309461677624419281e+03,1.422268050146810658e+01,7.207871852044088882e+04,1.093229240679787381e+03,9.188622726024390204e+02,1.065015795531561831e+06,6.436931235721416306e+04,3.896121391059153211e+03,1.407938332670158843e+03,1.631914908933292027e+05,7.047754511036838032e+00,4.524619190842021510e+01,1.469176565786914434e+05,1.534546393138146086e+05,1.671217994177032262e+06,2.611185492433687045e+02,3.296897352464247961e+05,5.711631737867638469e+06,2.673827309886969061e+01
1.000000000000000000e+00,9.999105515906606678e-01,8.916683640461510278e-05,1.848331028876091317e-07,9.673983181190948244e-08,1.000000000000000000e+00,3.225301196024711950e-03,6.718722565447446567e-03,9.566256496045820313e+03,8.867436995208750886e+04,1.020878721079315001e+05,1.922411449562351117e+04,9.895565032974748465e+04,9.179772392611810119e+02,7.399424763721539067e-06,1.743945058410668746e+07,1.000000000000000056e-01,2.147695891414823066e+01,2.091309918785594164e+03,3.847737176985072438e+05,1.779636468419399762e+03,1.199956688605827949e+05,1.764847275818295591e+00,3.420132304605764803e+06,9.745159676099920034e+03,2.315972471385422105e+05,5.880960858027022186e+04,2.544743332813151064e+05
1.000000000000000000e+00,9.981804818838708737e-01,1.416550242687249969e-06,1.757082323597796650e-03,6.101924228862909416e-05,1.000000000000000000e+00,1.107416713916616231e-02,7.791837113767201284e-02,2.428579858146303159e+05,1.243400080089991904e-03,5.221012574258949826e+03,2.094353157332061528e+04,9.388724730100207962e+05,7.140954526521116463e+01,5.681470743664256133e+02,1.449272208770406905e+04,4.151153904054744430e+02,1.899678923952644924e+06,7.140793786967333290e+03,5.168953589338099584e+06,2.572726798543828772e+04,1.748436636980678941e+03,1.864810946388731012e+06,1.000000000000000056e-01,3.660190097581099835e+05,1.482121627351253608e+02,2.626493810027754444e+04,1.817247047373586684e+05
1.000000000000000000e+00,1.538312839551146823e-04,9.628507408579499716e-01,3.699542775800652994e-02,1.000883820267972624e-10,1.000000000000000000e+00,5.383528286276817627e-03,5.752846354786072397e-02,1.158764024440553272e+06,2.665339234362143088e+03,2.410940788810024049e+00,2.256056192694811457e+01,8.813728512612488703e+04,1.690622367487296940e-01,1.641802009866164735e+04,2.518623273026599549e+06,1.092932929612472435e+04,1.000000000000000056e-01,2.546471594510741170e+02,2.114627978012300105e+02,1.229109257605494577e+03,1.157223258567996789e+06,3.949104228487907431e-01,2.631319616236825823e+04,3.981704740934436559e+05,1.249630582152204297e+05,4.339794046343519585e+05,3.595643876739859697e+05
1.000000000000000000e+00,5.939403664805314030e-06,1.716696373465579348e-04,1.754329646739114235e-01,8.243894262850772758e-01,1.000000000000000000e+00,1.753306899078786382e-02,1.037035046995729961e-03,4.053109483333873795e+05,1.092964577355656274e+03,2.981261042340674903e+05,2.787771466280014820e+01,1.529838469996096974e+05,4.236442047207214637e+04,3.769901175397433108e+05,1.750095531258093659e+06,2.109693582019614769e+04,5.761517371346299043e+00,1.000000000000000056e-01,2.316813824511491403e+05,1.886906457425587723e+04,9.473286742358995834e+05,5.475689265459134185e+04,1.000000000000000056e-01,1.000000000000000056e-01,9.260459446152332239e+05,2.496893070305066885e+03,9.016638058891089633e+06
1.000000000000000000e+00,4.593024311170001734e-06,9.999954058150084535e-01,9.883230580132026815e-10,1.723572395917472022e-10,1.000000000000000000e+00,1.000000000000000048e-04,1.000000000000000048e-04,4.465114733540473389e+05,1.016868870472401682e+03,7.181445531635573080e-03,4.411996931597889401e+06,2.195202495510434915e+01,2.354804120565258898e+06,4.047629900998239009e+03,9.605799165640963554e-05,4.846926651935827249e+04,1.000000000000000056e-01,9.156552486274469993e+04,1.336175836849593725e+04,8.174703628475818550e+04,1.117583350022029975e+02,4.232519778191280238e+03,1.146124715281532612e+06,1.476172541126289871e+06,4.263610894737271592e+05,4.236966748220241629e+06,7.219672389743152962e+03
1.000000000000000000e+00,7.289354530580233887e-05,9.686433259398155027e-01,3.224565287398666454e-05,3.125153486200471509e-02,1.000000000000000000e+00,6.930300306634507197e-03,9.544592087478250735e-04,3.398383621897914418e+04,2.352256270279941964e+04,3.672526791888111930e+00,8.241971990348090185e+04,1.611858050087388619e+03,2.616147917113969568e+06,2.006506646158651375e+00,3.001491054106641604e+04,1.047552666872612434e+06,3.013563903614784181e+02,3.873305617098498033e+01,1.683197553449373913e+02,1.010984026487236224e+04,9.717882540704514831e+06,4.064659872986434834e+02,8.500131220687622204e+06,2.975184877957917351e+01,1.000000000000000056e-01,1.418823420364983576e+02,1.000000000000000056e-01
1.000000000000000000e+00,9.999968551454246901e-01,2.554193471325191375e-06,2.147223573890110154e-10,5.904463816763794171e-07,1.000000000000000000e+00,1.125376980748642522e-02,7.030867328634970992e-02,1.164544494591278401e+00,3.561458068352420838e-11,1.061425303467520251e+02,1.398306668659283605e+05,7.880292884634485745e+03,1.518513212837893050e+06,3.676934739622977213e+04,4.175181419018523229e+03,5.565266166152988490e+02,3.036852561584123760e+05,8.725468696819498437e+05,3.574389736406777229e+04,4.980693071209912887e+04,8.607794914404206565e+01,1.121366396178783816e+03,4.751242501836913590e+01,3.657850300962308393e+04,1.826218226256318289e+01,1.850371409671218998e+02,3.013769983495608903e+06
1.000000000000000000e+00,1.371614276503988876e-06,5.035222136444873607e-09,2.587706751226188457e-08,9.999985974734338923e-01,1.000000000000000000e+00,2.779372432037496496e-03,1.000000000000000048e-04,1.514874275386126828e+05,2.908110184934761492e+04,8.112079147503076237e-02,3.822640998679654558e+02,1.275746396151463341e+04,5.474913591761063784e+06,1.701630471245010383e+06,9.550961243317279965e+06,9.402003372114741069e+02,7.233369061758614844e+05,7.830436745268455707e+04,2.186580187680508658e+01,1.000000000000000056e-01,4.331029324966369387e+00,9.449252192178197447e+02,1.358046249246958876e+06,1.000000000000000056e-01,1.000000000000000056e-01,2.404559126833474693e+03,1.097521112104064377e+05
1.000000000000000000e+00,2.975295328723559854e-02,2.028379915992216276e-05,1.016894790207756133e-10,9.702267628119150000e-01,1.000000000000000000e+00,4.885417258865976109e-02,7.738928343358537519e-04,1.209095944603102168e+01,5.038872981823480950e+04,2.474599009270287206e+04,1.212804347587677512e+04,1.007914572205699049e+06,1.846877026898805241e+01,1.929677393967482261e+06,4.053766776048587053e+04,1.000000000000000056e-01,7.506158733913804099e+03,9.219933852953791618e+06,1.150864073001120851e+05,6.264996209485651925e+06,2.978917847504040095e-01,2.878828541641209085e+03,9.681346858936395438e+04,1.000000000000000056e-01,2.097356580384291010e+04,3.894633618374290336e+02,4.615613106590862458e+02
1.000000000000000000e+00,9.991785390381023868e-01,2.410666949044623307e-06,5.555077174607190964e-04,2.635425774878408234e-04,1.000000000000000000e+00,1.165733253394762511e-02,2.735369035673841653e-02,2.162758937665944453e+06,6.736326309722463600e+06,2.117033342768302653e+06,4.000840622041339520e+04,2.007959872450894909e+04,4.223554089726068241e+02,9.375642362531703839e+04,1.100351102154057007e+06,1.514062136437864359e+00,2.853751558096927511e+03,3.193084214101549634e+01,5.086150218459839816e+05,1.216883538023622474e+06,4.620599876394527382e+04,3.310954393432768411e+05,2.058649976339283399e+06,2.049431779122996389e+01,8.899198326457463554e+04,1.041436408364175237e+06,5.671201550328326448e+03
1.000000000000000000e+00,4.401414366256675703e-01,1.787095166160037468e-02,9.691726064632933454e-04,5.410184391062687892e-01,1.000000000000000000e+00,2.650234829746801334e-04,9.409816553466432074e-03,6.410771924241845263e+05,1.612030324696575190e+04,2.044257774154287472e+05,2.577324924927588273e-02,1.473013343138743267e+03,1.132889325206397402e+00,4.878850085885582644e+02,8.475629265681857942e+04,3.324586100660416832e+03,1.157332824327231435e+02,1.707467672170215112e+00,1.000000000000000056e-01,3.848711151309778506e+04,6.327079788679818623e+06,5.670442405919750308e+04,1.420467697189269587e+06,5.807717401248405409e+00,1.000000000000000056e-01,5.719070779072909971e+01,1.312635545347231673e+05
1.000000000000000000e+00,9.386718673338427799e-01,3.027104868903579809e-03,5.810104464450081829e-02,1.999831527528250774e-04,1.000000000000000000e+00,8.310027071208410041e-03,4.172937087238923898e-02,5.651235793318766810e+03,1.494061795169221841e+04,8.447689979821830093e+02,2.439793757258597452e+03,1.665606607378982517e+03,5.190978916439436119e+01,1.124074892872770783e+06,2.032927978141259635e+06,2.452348238366895657e+03,1.000000000000000056e-01,6.515934221259921344e+01,1.516816070163197117e+06,1.244628679101514024e+01,8.291105008212745986e+01,1.481217533270430067e+04,4.458640769417323172e+06,4.114047483367588939e+03,3.370556301309678383e+04,2.952090425833784975e+06,1.236435810109380254e+05
1.000000000000000000e+00,8.384173436064170648e-01,7.521240826050203283e-03,3.368802928855431567e-06,1.540580467646038842e-01,1.000000000000000000e+00,1.388324676862169246e-02,5.005675041483334357e-03,8.137728493145609973e+05,1.393938701201899494e+04,2.623604988171429068e+04,9.616927127529001140e+00,8.319807004217541544e+04,3.951302935293201590e+05,2.762887350797320232e-05,1.445882565788388696e+01,1.000000000000000056e-01,2.401704092923565881e+01,1.000000000000000056e-01,1.652055681522036821e+03,3.563721671723661711e+04,1.420310399056883063e+06,2.134578864431863288e+00,7.080239010012347717e+04,1.123370759101114090e+05,4.922063319338616907e+02,3.409705562423024821e+04,1.160582195681570098e+06
1.000000000000000000e+00,1.995112295367860306e-02,3.333981429730836169e-05,9.547910048149629292e-01,2.522453241706112959e-02,1.000000000000000000e+00,1.000000000000000048e-04,2.438674072751182136e-04,4.744914130552034825e+06,1.355749276479978114e+06,1.437054995935793340e+04,4.391600011361495126e+04,1.649227232616837864e+04,5.350306969231450438e+01,7.693634784359147716e+01,6.024367869813713478e+05,2.416720955464927840e+02,1.547058499999936612e+05,2.006060655379960735e+04,2.106362687948322432e-01,1.000000000000000056e-01,1.485827923026545605e+01,2.307619526771621531e+04,5.491172131788723163e+03,4.402278575284582330e+05,2.507589842203185617e+04,2.520279035833263479e+05,5.853152382623904850e+05
1.000000000000000000e+00,4.766255299748981255e-05,1.998692493863247172e-07,9.999512868741903260e-01,8.507035628158021723e-07,1.000000000000000000e+00,1.853075068197491959e-02,3.996820169775891149e-03,4.440817610112540555e-12,3.994723972672156058e+06,1.217316202525962732e+00,1.105052839484443393e+04,8.066118911624058383e+05,2.889787321274935039e+03,2.715069510193371680e+05,5.558558392373723909e+05,1.962419865454922838e+05,2.644252396316385712e+05,1.000000000000000056e-01,1.000000000000000056e-01,1.000000000000000056e-01,8.944069050260234910e-01,4.010193314535844267e-01,1.041023261038450801e+04,2.079274350260419305e+06,6.085423508505807695e+04,7.082153931926863734e+05,1.346872313000704162e+06
1.000000000000000000e+00,6.356472960370640468e-02,8.329332751301615767e-01,1.016622868837406336e-05,1.034918290374436944e-01,1.000000000000000000e+00,2.386280449837541867e-02,1.763420521919249404e-02,6.272530405804518610e+06,9.987246354717154162e-01,1.764169957784661092e+06,1.873737783056008047e+05,1.055450781849789493e-01,5.285537719006450789e+04,1.612762202011548834e+04,3.565335594637401186e+02,9.813160138677551458e+01,1.323303340054048249e+03,1.771488299107413972e+06,5.462771173995513891e+03,1.000000000000000056e-01,1.214021632426410662e+02,1.195264983563153328e+04,9.243729631502615521e+05,4.028469836970882898e+04,8.046011898699254962e+05,1.065384137777666496e+01,2.420477274876733645e+04
1.000000000000000000e+00,9.999972898206863636e-01,2.704852046463953444e-06,3.222745509531995597e-12,5.324044427545970848e-09,1.000000000000000000e+00,1.487221541962758554e-02,2.531193012230978021e-02,1.856337968357727342e-03,3.716949292787782642e-08,6.414681421986069836e+02,3.497312729289522165e-02,1.209711648946294590e+05,2.442753364158179252e+01,1.633278854043407133e+06,1.923500134160920745e+06,1.607379552953156235e+05,3.984446806634474925e+00,1.000000000000000056e-01,3.807336142545323128e+03,1.860776319606622565e+05,3.531704230737662292e+05,4.942255417900268185e+03,7.266055339575361359e+03,1.000000000000000056e-01,1.396813887610273901e+06,2.041531602456703620e+00,2.068083079953156994e+05
1.000000000000000000e+00,6.167236780600114932e-01,1.626337515617321539e-01,1.434632940880787326e-15,2.206425703782549652e-01,1.000000000000000000e+00,1.989664617673888040e-04,5.630141705314027634e-03,8.000938611714548431e+06,1.771689607579298692e-08,1.065543641946961870e+05,6.505567652889430610e+04,3.477499641031254578e+04,2.963130189219663385e+06,1.027923623958279859e+04,1.029266534522821734e-17,8.003096719717709675e+03,2.801750617094239670e-01,8.671346378517459375e-01,1.747260984178069048e+05,2.233429524340466131e+06,1.223376171251911586e+02,2.841580726839341878e+03,1.787064605266481522e+05,1.000000000000000056e-01,5.896761198173444427e+04,1.974934723996663466e+06,3.069484800043750089e+06
1.000000000000000000e+00,2.353642846702111609e-03,1.713530866125087003e-05,9.855438082189835747e-01,1.208541362565307420e-02,1.000000000000000000e+00,5.645742941958790083e-03,7.424302617192006515e-04,1.747301240859305108e+04,8.891107969351769134e+04,1.079997877137639327e+06,4.093949405489822198e+02,1.769989163180966685e+01,6.793588345971320756e+06,6.328665881348307494e+02,2.368737528575984470e+03,8.578227966867149007e+03,1.897359263044107938e+05,2.628734902544781482e-01,3.445759572543543618e+04,2.650544478929027719e+03,1.000000000000000056e-01,2.821268247541478313e+00,1.186392827236363843e+02,1.911961204463659378e+05,1.000000000000000056e-01,2.747887292855368742e+02,2.553108720058026374e+05
1.000000000000000000e+00,9.388139557894569290e-03,3.735666248081459572e-04,1.359068291254502184e-04,9.901023869881718786e-01,1.000000000000000000e+00,2.371706876587076351e-02,1.977460629587319673e-03,4.659528126237316610e+04,2.545941823945499782e+05,6.176068200791233685e+05,1.541429475739150948e+05,2.058261151976521069e+05,3.499699052117129322e+06,2.050731179169983079e+05,1.048842901202777575e+05,3.936630485334043442e+03,7.285539774679426728e+01,1.291953642788791796e+06,5.094517469849956797e+02,1.353913569799461402e+06,4.199728694454046199e+05,4.776467454576638527e+06,1.000000000000000056e-01,5.732056734296043032e+02,6.211809618325253250e+05,7.128207904096991676e+00,2.677262880283711510e+00
1.000000000000000000e+00,9.930213182227087820e-01,1.942433170468133995e-08,2.937443410444510943e-05,6.949287918855073798e-03,1.000000000000000000e+00,4.298823210208208706e-03,2.143223727449354576e-02,2.123964029802973495e-07,7.236714064115777546e+03,8.338039033555197932e+00,1.641924682026956289e+05,4.845818873734141380e+04,7.815122354629385882e+03,3.802643090549841290e+05,6.667067703796981368e+04,3.934282979031101801e-01,1.113900106504609466e-01,1.164847502634490439e+02,1.657036786603859113e+01,1.000000000000000056e-01,2.097026574754080502e+05,2.722356285961703543e+04,4.828552753059397946e+04,1.000000000000000056e-01,5.147553731275608880e+04,1.344358169598616369e+05,5.836386239014830207e+05
1.000000000000000000e+00,9.996137398145533703e-01,3.850576531739388826e-04,1.202456786691948490e-06,7.548595082340625595e-11,1.000000000000000000e+00,1.620481736715085122e-02,1.000000000000000048e-04,8.142833648834367777e-01,3.968325188403606062e-04,6.572817536680753463e-07,1.432064784708433435e+05,2.659259397237481721e+02,2.707816681391840029e+04,7.329537656516402785e+04,9.363329010978294775e+01,3.399212406994434588e+01,3.198218229982620323e+04,1.000000000000000056e-01,7.009566592217358448e+03,3.814890813803867331e+03,9.415707928007479950e+02,9.850856936620088163e+03,3.177631524766939947e+03,6.559870488748172298e+06,1.320114395743836667e+03,3.288294399805692956e+05,1.781632359319311101e+06
1.000000000000000000e+00,9.999952104525003937e-01,1.431434301550521638e-06,2.335264823904050070e-08,3.334760549811299768e-06,1.000000000000000000e+00,3.267621151884723268e-02,1.000000000000000048e-04,1.917036619723809281e+02,3.220050955976303531e+00,2.897599552539568860e+06,6.338039966760183582e-05,1.247386443477165885e+06,6.654993648737680633e+04,1.358585054583819117e+06,9.338434805689858040e+05,1.000000000000000056e-01,1.000000000000000056e-01,1.862650846594976960e+06,6.232606104253849480e+03,1.042472498469708313e+02,1.000000000000000056e-01,4.794421031730569084e+05,4.614904559166284162e+05,1.892440121302120588e+03,6.032845674409922140e+03,2.654137900389813512e+04,1.180746565955596452e+03
1.000000000000000000e+00,6.320328209041982115e-01,1.086463654921344732e-07,3.679656577153095354e-01,1.412734126793324663e-06,1.000000000000000000e+00,6.143768835840467775e-04,9.692246504714736866e-03,1.906414574484117562e+06,1.106291244229707168e+06,1.442879316765906639e+00,1.470088797070996661e+05,1.949266460028365827e+03,4.603427418932137805e+00,7.527322849495337869e+04,1.767366024242412337e+01,5.945813998543660439e+00,3.744534470307014473e+00,3.686635351012407913e+00,4.921885381393731950e+04,3.330182299284958281e+06,9.166060628836568691e-01,2.217059563775535207e+06,1.000000000000000056e-01,1.478247878572982270e+06,5.457715032291137902e+01,1.729500166693702340e+03,1.753009907161780866e+06
1.000000000000000000e+00,9.999999877698233508e-01,1.483192896819810837e-10,1.207776477360992272e-08,4.092615135675714555e-12,1.000000000000000000e+00,1.354334302123951297e-03,3.446024169363612333e-02,1.388927094135550544e-01,8.219873951309493350e+03,4.847314877249627374e+06,6.321462606015009200e-01,1.184357231746921713e-15,5.588887656200457968e+03,2.058781693172190899e+02,5.263001208356764982e+04,1.000000000000000056e-01,9.378478809865373478e+03,1.266216896383818735e+01,1.810277632993984071e+03,2.686432648664374483e+03,5.234515342056261034e+01,5.587761222024555173e+04,2.666758343345661415e+05,1.334815642356796343e+04,3.154284367458417182e+04,1.000000000000000056e-01,4.014499307248703963e-01
1.000000000000000000e+00,5.105759304576931897e-04,9.975469761317843354e-01,7.117044102868123008e-08,1.942376767317011144e-03,1.000000000000000000e+00,8.104787364889289372e-03,3.928264338715737420e-04,7.417967373713837937e+06,1.327275901327721552e+00,3.061042614397937086e+03,7.761124493138512792e-10,1.149593551342350111e+05,3.871084791768243304e+05,2.252351225492933008e+05,1.207448090727246751e-02,1.657337464711780776e+05,5.244408451087214651e+00,3.138045973170551937e+06,2.953159396772398964e+02,5.700672488358868861e+00,4.645940370819630516e+03,3.500974093329036987e+04,3.752366745815377362e+04,5.625219355083425035e+04,2.152779512551714666e+06,2.817172550924889743e+06,1.634129325397310240e+01
1.000000000000000000e+00,9.999999512264904356e-01,1.888437847924391301e-08,2.969839123381563109e-08,1.907398683442806941e-10,1.000000000000000000e+00,3.948016598549802109e-03,5.228007739956590239e-02,7.614072856361827580e+05,1.001166589235339366e+01,3.117746955474128481e+04,6.805185984739518608e+04,6.443429178295820020e+06,9.618045363265733467e+05,3.605471787925914396e+04,3.468008994640160836e+02,6.380596471088367139e+00,8.628245300916529959e+04,6.917654013114031841e+03,8.432104390530778095e+06,3.759258361293078051e+05,1.641634984910608269e+06,2.113206344899159390e+06,1.000000000000000056e-01,2.175865366549010505e+05,8.686862927616626484e-01,3.491219552354092593e+04,1.140430153525433125e+05
1.000000000000000000e+00,3.862324779020641058e-08,4.072320470424093188e-06,7.483777060192563502e-01,2.516181830370254335e-01,1.000000000000000000e+00,1.445118365319058434e-03,1.000000000000000048e-04,6.032895070440072232e+03,3.222199969972799532e+06,2.413287125681185898e+03,1.685666354182747455e+04,3.566214113343170844e+00,1.245769166433656355e+06,3.375140916837507975e+05,7.663970350611648428e+03,3.025086071054355707e+05,7.493049990171225509e+05,1.000000000000000056e-01,1.000000000000000056e-01,1.727550966960863832e+02,7.774036276584641882e+02,2.142795197109170258e+06,1.000000000000000056e-01,1.021486992926968014e+03,3.071831637167034046e+02,2.682829653953860907e+04,1.702673358168985462e+06
1.000000000000000000e+00,8.578803663490891865e-03,3.092333549137955899e-06,4.282828219888221964e-09,9.914180997201317291e-01,1.000000000000000000e+00,2.748941181006974918e-02,1.139982205202533759e-02,5.093748099895702985e-01,3.538181606342656305e+05,2.377559241703998996e+05,2.556718758042802219e+05,3.007642722964363638e+06,1.123253968015252576e+04,1.945368888526516035e+06,2.004665312459341635e+02,1.917718866589900317e+00,1.595879300437928177e+06,3.848271989058997016e+06,1.658310429643883253e+04,3.614913561704411222e+02,4.415401016334881206e+03,2.191910514397297084e+04,4.994055108862004708e+05,1.202435282724344212e+01,2.379855344945851248e+06,4.246883998520816676e+05,2.407168235867549200e+01
1.000000000000000000e+00,2.494140604466728132e-03,9.965936841713077810e-01,1.152617981713318642e-04,7.969134260541466119e-04,1.000000000000000000e+00,1.716671261688204652e-03,1.140975586894038812e-03,9.747581570089964953e+04,1.006546785260563581e+02,9.690926861017874927e+00,8.919502047767714248e+04,7.272990432001942536e+05,5.580659140578726074e+05,4.662201916169218719e+06,8.057006927522554179e+04,5.000469573715950828e+05,6.176379057642524373e+01,1.196035384547055946e+04,1.957664074150987653e+04,8.536243257011948153e+05,2.039973921832772205e+06,1.554190308663548649e+03,1.313398555813833264e+04,1.178818929686999297e+02,3.662020303378351400e+02,4.682996913893771596e-01,3.670053029022702831e+05
1.000000000000000000e+00,9.982119384665767425e-01,5.849703710232151941e-05,1.581312284616346198e-03,1.482522117045581567e-04,1.000000000000000000e+00,6.805598326286277887e-03,3.305546657183470322e-03,2.290097664025436970e+05,3.495872169121931074e+04,2.537913281668671698e+04,1.379230778917742555e+03,6.859407483519184461e+04,1.720712086633899482e+06,3.501344258459285470e+02,3.118505708221950103e+06,2.167319092260298952e+00,4.674878341679581208e+05,8.386174062987148403e-01,4.345483123216764199e+01,3.454655484676735941e+05,2.103104474540331401e+06,2.957258707419236998e+02,2.979167714983566839e+03,2.605289255541673265e+04,3.949053216470147163e+04,1.041478357457527309e+05,7.757358707668055104e+03
1.000000000000000000e+00,8.101864819692966568e-01,1.882194842819247260e-01,1.433366837876291289e-03,1.606669109023295405e-04,1.000000000000000000e+00,1.049342792449822238e-02,1.113056459356340060e-02,2.608605860700915588e-05,2.193825149760532389e-01,3.264787056121815859e-04,1.303476767000680557e+06,1.447914556719130996e+04,2.599853423289711827e+03,8.239499407545520793e-01,3.744250136625455525e+03,3.961922458201664267e+05,5.786239085071547272e+00,5.425430686090571107e+05,9.183862032026539091e+05,9.519277635996320441e+01,7.121314536146056838e+06,4.814772568222404203e+01,2.481732833730577070e+01,5.305520576073622797e+05,6.980907651688556187e+06,1.000000000000000056e-01,1.000000000000000056e-01
1.000000000000000000e+00,9.997505825028706328e-01,2.480451970988366154e-04,1.371089357273931224e-06,1.210673228335679141e-09,1.000000000000000000e+00,2.339033239851727453e-02,1.912336442059445413e-03,1.900730743773459835e+04,4.521088361049397975e+01,3.108881342499808599e-06,1.648352289995333194e+04,5.686857826885369606e+06,3.777265306454867823e+04,1.127835380949407117e+06,4.982055843279739202e+04,5.535905703113589427e-01,4.197820680118967971e+02,1.110515842300908480e+04,6.642037587452228763e+04,5.513028301874047429e+03,1.618282657616328914e+06,6.076080171667948889e+03,1.301266224721662184e+03,1.551068358273837948e+06,2.683718194010100433e+01,4.017972933242266009e+01,2.742679800953630576e+01
1.000000000000000000e+00,9.999897439096016027e-01,2.314745967857710723e-13,1.025609016586239955e-05,9.992007221626408864e-16,1.000000000000000000e+00,2.086499143457701960e-02,5.911903548723409412e-04,1.014884470563821861e-01,4.915422657603246043e+05,7.888160841131829329e+03,3.469323424030124541e-06,6.586439488234274904e+04,4.353742821028217673e+06,2.114548417064575013e+06,5.136468388529166077e+03,2.914559554798180629e-01,1.000000000000000056e-01,1.608136713170453618e+02,7.457126002021675231e+05,1.920512495361058609e+04,5.742370345326519571e+06,3.644772756908860989e+06,3.986343353682570742e+05,5.408294348810184747e+05,1.000000000000000056e-01,1.957459137017421654e+03,1.000000000000000056e-01
1.000000000000000000e+00,7.067739142516054831e-06,1.642892407313564378e-05,1.205725829336622651e-05,9.999644460784909983e-01,1.000000000000000000e+00,2.454260488310871981e-03,1.451216079760932198e-02,1.741181141218586959e+02,3.411833722485831473e+06,6.801315170729185411e+02,6.816005364110504277e+06,5.881014084238379291e+04,8.133337098909635097e+05,1.341675888475947431e+03,1.488902918440451322e+04,4.146137472506018821e+05,1.030079452482594992e+06,4.208409426170572260e+04,2.629873649513932605e+02,3.714751861810602131e+05,1.595373207249421021e+01,1.596257577289032099e+02,4.127552528568305570e+04,1.000000000000000056e-01,7.647799128196542370e+03,7.370759180972553622e+03,1.596769499793949535e+03
1.000000000000000000e+00,4.865206147795538406e-05,9.998493020690291111e-01,1.263338637845452080e-06,1.007825308551035803e-04,1.000000000000000000e+00,8.223573677476420096e-02,9.848454480056478486e-03,7.844244262547256767e+03,1.387506342806726927e+06,5.532646736854000835e+01,5.025382843703735853e+04,2.381677462797808927e+06,3.512935824758331291e+05,8.120480298965475522e+05,4.057835888645967067e-05,7.909230818915434065e+04,4.030317277909907148e+01,2.953309804505667184e+06,2.222988311497566428e+03,1.738901698500044178e+06,4.800213842951815764e+02,3.531491530352133879e+01,8.464586736926531885e+05,3.785640422757014167e+05,3.277163919423180050e+05,9.914509995659416745e+03,1.916031943042485218e+05
1.000000000000000000e+00,3.571822449109569490e-05,5.522857226330437129e-10,9.999639733261004304e-01,3.078971227976623481e-07,1.000000000000000000e+00,8.332905074981161730e-03,1.000000000000000048e-04,1.133981862057804193e+02,2.294015439678129624e+05,7.143625173839944182e+03,2.459353177018942208e-04,2.790319891981760156e+05,1.214381126999339585e+03,2.560862427283662202e-01,7.875163183551341062e+05,1.967183109688945115e+04,6.286220635941387154e+05,1.000000000000000056e-01,1.000000000000000056e-01,3.897217122211547036e-01,2.497561956221222772e+02,1.000000000000000056e-01,9.666417077243744643e+03,1.031454112222006952e+05,1.000000000000000056e-01,1.896817930632007192e+05,3.546314039156078798e+04
1.000000000000000000e+00,3.839860123000980036e-02,9.616013429513081689e-01,3.513943795671172794e-08,2.067924409487886805e-08,1.000000000000000000e+00,4.783225592373042956e-02,3.896385779137741950e-02,4.847988745205049054e+04,1.238032067418061843e+03,2.407480313284455917e+02,8.111313075297427713e+04,9.855143863466216958e-01,2.447805089430033149e+03,1.418065207496023656e-03,1.333581587249962581e+02,1.000000000000000056e-01,1.000000000000000056e-01,3.974741184682963649e+04,1.720913849628321623e+04,7.699659159196153632e+04,1.380891215075172909e+02,5.074504728948142640e-01,5.296618242022790218e+04,1.653825577281443868e+06,1.563698008561352140e+02,7.531210921808685271e+03,2.052944517391556019e+03
1.000000000000000000e+00,9.377883972160571524e-06,4.772819542671620277e-06,1.302715507637391725e-06,9.999845465809775735e-01,1.000000000000000000e+00,3.316075422490303952e-03,5.006854491659865070e-02,1.031029651023862499e+02,1.213424409138299234e+04,1.459483992556198733e+06,3.820818229981709502e-01,3.067890652882310771e-07,7.396398862494109380e+03,2.561985815587797810e-01,2.001951593158302622e-01,2.654745966379791964e+06,2.735553376915710760e+04,1.310240719886612351e+04,3.258194051950066932e+04,1.922446437180201639e-01,2.422861888850705232e+06,2.720116238409678917e+05,3.520934397186573478e+05,1.105768767061811875e-01,3.990217905988076236e+06,1.569154883304363646e-01,5.271948779045408706e+00
1.000000000000000000e+00,9.771597988926089551e-01,2.144378369032867368e-06,1.875710335259567744e-05,2.281929962566942027e-02,1.000000000000000000e+00,1.364644780099736124e-02,4.889240725211746463e-02,1.624814717180231867e+02,2.790262476090664131e+04,3.345107848904163111e+06,3.806010949879884720e+05,1.244235079606002825e-02,6.129154159309560782e+04,4.004539126940938484e-08,1.634542422805366641e+03,2.642723283949726554e+00,6.902568092557654381e+03,1.241235670054229843e+02,3.905630359028619409e+02,1.281953623458905349e+04,2.141906910150679078e-01,1.339127756383873057e+06,4.000145427098070650e+04,3.094262017139156029e+01,2.730552565319946967e+06,3.405048947365014556e+03,2.405742307160064520e+05
1.000000000000000000e+00,9.992387476269202207e-01,2.268486619985053813e-06,7.273765545851159590e-04,3.160733187468345307e-05,1.000000000000000000e+00,7.355037305102287218e-03,1.950191855450397358e-03,1.434363198706536613e+00,1.807746901096299553e+04,3.497186328484442492e+04,2.451210075227254129e+04,1.742087493122992164e+05,1.338890243877104949e+06,1.304251507455323590e+06,1.962336620729118586e+06,3.039837396646513312e+01,5.784270353459949092e+02,2.442833676672265426e+02,7.944451669346324343e+04,1.000000000000000056e-01,6.784355353121159715e+04,3.072826570021487714e+04,2.909219768673530780e+04,5.843965823385392468e+03,2.912320415468648616e+00,8.608780465278439209e+00,3.499739978569866798e+04
1.000000000000000000e+00,3.536290651376060686e-05,9.908754882783009643e-01,3.053343674295049828e-06,9.086095471510957644e-03,1.000000000000000000e+00,3.067280559413723337e-02,2.822651699602080500e-03,1.172038169607465825e+05,2.347485117727490142e+06,8.133081796648033560e+03,4.482456245089918957e+04,3.411997641006437480e+05,9.317865175967002870e+04,3.309089810438927379e+05,1.853530731234617415e+05,7.374866824973671464e+04,1.000000000000000056e-01,1.341891629309527110e+06,6.802801471697912348e+02,2.422971228181626246e-01,1.916628644545003453e+03,2.859155430145843724e+01,1.086416376435050779e+03,4.264689992833052384e+04,1.000000000000000056e-01,1.000000000000000056e-01,4.053403131814340595e+06
1.000000000000000000e+00,1.901030327523840213e-01,7.959097499679688159e-01,5.583483567878922901e-03,8.403733711768168746e-03,1.000000000000000000e+00,9.322630333794774743e-04,1.000000000000000048e-04,5.855705713255072478e+05,1.076410461926107303e+02,6.612703254495980218e+03,3.398440136633038944e-04,2.938075187915771734e+06,3.290063486140023451e+05,4.139503665207547601e+04,2.078334849823679542e+06,3.499292463803822466e+04,9.327282997297654532e+00,1.402453605267554027e-01,5.393698891492266557e+04,8.327045682338188044e+02,1.000000000000000056e-01,8.479437442563408695e+04,1.273792701588555246e+04,7.316893667836469831e+03,5.568381805092480499e+05,1.829304801995765501e+03,2.360395607934806517e+00
1.000000000000000000e+00,2.379558421792721548e-10,3.673757037202342606e-07,1.133142916930058307e-06,9.999984992434235442e-01,1.000000000000000000e+00,8.599739986930438757e-03,1.000000000000000048e-04,1.505658665198353674e+02,6.325934431607543956e+05,5.941536967395971442e+04,1.997658124120931374e+06,2.706674931653407446e-08,2.717025006017587148e+05,7.783304586444317829e+04,1.035992217787097616e+05,1.857971901157635963e+06,8.290007921195634408e+05,2.540154402577835572e+04,5.420433238096533023e+04,8.669095859656181419e+05,2.137884937752318510e+05,1.276094938913273836e+04,4.907118804512012866e+04,5.894389437726378134e+00,1.981791768420225424e+02,1.596780352313712938e+05,9.165324683262468898e+04
1.000000000000000000e+00,4.823954524877859879e-05,9.677003635404282100e-01,3.224917977762887383e-02,2.217136694127042063e-06,1.000000000000000000e+00,8.391042794931544450e-04,8.963966509884882874e-03,3.755398567733092699e+06,1.022436117176304921e+06,2.089833222330878256e+06,3.671216591180060277e+03,8.036808668068120023e+05,6.640116443908057136e+02,9.106779340345504461e+05,1.201944653096720809e+06,6.856676583614808042e+05,2.737039437753935189e+01,1.174393826132793947e+03,8.472540816743375780e-01,7.854623775281776034e+04,3.315414000266968273e+06,1.135958419581427181e+00,1.428281180952474188e+02,1.083100249568383675e+06,1.502171066426125799e+04,8.452473572241779038e+02,6.022358939473250530e+02
1.000000000000000000e+00,9.999989766196781815e-01,2.302234180562529634e-11,1.023357262061301251e-06,3.741451592986777541e-14,1.000000000000000000e+00,5.633849348564734820e-04,7.507830244500836303e-03,1.623030726151977439e-04,5.984766178449989093e+04,8.065913826199594041e+02,8.560719615386413750e+01,2.076774126558798894e+00,2.812562950225421228e+05,6.586477448956617081e+03,1.189245447412046418e+07,1.000000000000000056e-01,5.014650112347092363e+04,2.605183278816304664e+03,1.239640625833862364e+00,5.517640799335468328e+05,8.015505959265572892e+04,3.166050166307370972e+01,7.332700853754093259e+03,5.884462285584815778e+06,9.537380823821915499e+01,6.882950638982348046e+00,8.801049916937023227e+04
1.000000000000000000e+00,1.387677509442970694e-04,7.527787928792443184e-01,5.215656948695219543e-03,2.418667824211161443e-01,1.000000000000000000e+00,3.622237515525060948e-03,6.213368885037499380e-03,2.296540199042498500e+02,5.762866229684498649e+03,5.141621351549333779e-02,4.628460897333498579e+05,1.080872289917073938e-02,3.662852628748140091e+02,2.057034441653222893e+05,4.145932170235718368e+05,5.982006246205000025e+03,1.881981485675048589e+03,1.036237116382332957e+00,1.193834870360144462e+00,4.947155641355836451e+03,3.250619392709008793e+00,1.001554444527151063e+06,1.360510867202576483e+05,1.261751589205952762e+01,2.264899870523669051e+03,1.762489392837441983e+03,6.762633223883563005e+02
1.000000000000000000e+00,5.130528849511522410e-03,1.722294980513017493e-01,4.995469136847082159e-01,3.230930594144785228e-01,1.000000000000000000e+00,2.739117180156910663e-04,5.716430605192246439e-02,5.388514234111139376e+04,1.565759913069132250e+06,5.297170770348343649e+04,4.624205984748161427e+04,5.739446479216220323e+05,2.014342784389710062e+02,7.454823145002513193e+05,2.086541460982210992e+03,1.887686022014831426e+06,2.567355843308122829e+06,1.885896498645834799e+04,5.202000174999227289e-01,1.988336735326896887e+06,4.907007690871801664e+00,2.942454682946555295e+03,3.941193960633277271e+01,2.172944650999628777e+02,8.365146594222933985e+06,1.188327643065104261e+06,2.592536150787918992e+00
1.000000000000000000e+00,2.158554990108253929e-12,2.485273882607716201e-10,4.239319764788085365e-03,9.957606799845259982e-01,1.000000000000000000e+00,1.000000000000000048e-04,3.635136112235562390e-04,1.913735094104350719e+04,1.863857150349868243e+04,7.819039052736156154e+05,3.711061173892787338e+04,1.226279643810750349e+04,3.286205800452907062e-08,3.421660479776719721e-01,9.319546391821857542e+05,2.127462706341108715e+05,7.106552368508226937e+05,7.716424801946555963e+05,2.166170133194270602e+05,4.996582206617001248e+03,2.169113533170332375e+05,1.000000000000000056e-01,1.128544323791468982e+06,2.364278210225626026e+03,7.712742666712644510e+06,3.703479190764119721e+03,6.442743729925462976e+06
1.000000000000000000e+00,4.198085633439751833e-07,3.339340152782632244e-04,1.594932355969906623e-02,9.837163226164593599e-01,1.000000000000000000e+00,7.902975127810069186e-04,1.883681279050595722e-02,2.863099723961669486e+06,2.266050373607409419e+05,1.161134982427288014e+04,3.786932997595348570e+04,1.052033620706880931e+06,2.255232668092426174e+00,2.298691366547800635e-03,2.894098467885130503e+02,1.908370315153743431e+05,9.712700014826289419e+01,2.630313822506797806e+03,3.698254022032633515e+01,7.324379838875222504e+02,6.495317549654281465e+05,7.589223626753368812e+00,1.000000000000000056e-01,1.000000000000000056e-01,3.992019103836938739e+05,1.000000000000000056e-01,1.000000000000000056e-01
1.000000000000000000e+00,2.351807280739372577e-02,4.063294661598932517e-02,4.416891957020274923e-04,9.354072913809149403e-01,1.000000000000000000e+00,6.420208340657263847e-03,3.269538929064892945e-03,4.861649187081478303e+05,2.410200397062333966e-01,4.157575170722453549e+03,8.994360453003576025e+06,2.149257921281463950e+03,1.730315822497634508e+04,6.168084436373970675e+04,1.516810869625728519e+05,3.270244164804547327e+05,5.444336948443574329e+03,3.229199249922197123e+04,3.776239589157156646e+06,3.308083004019445070e+04,1.261116744145062112e+05,5.836450091763783712e+05,1.578701001269916305e+06,2.895266764842401244e+03,4.363615085649107641e+03,8.138880784232250880e+04,1.431802742874501739e+06
1.000000000000000000e+00,1.334179922503032391e-02,4.254576855370999222e-03,2.186394434870883863e-01,7.637641804325102646e-01,1.000000000000000000e+00,7.943189679015553659e-03,6.669676391971355147e-04,1.576694472746300448e+02,3.574909547433335177e+01,3.124840375218730769e+05,8.597675575875658978e+03,1.973413776735249980e-01,1.738138433221411426e+06,1.826948365977874200e+05,4.714175435810379327e+02,6.342205366643866524e+06,6.128036407699524425e+05,4.751475512895995124e-01,2.168024499556325842e+06,2.858515755380622795e+04,4.656325898601625231e+05,1.194912982923412783e+05,1.600934322843814925e+03,8.421679241756412375e+04,5.337615800505823245e+02,1.354893603745499393e+06,5.925814525033312748e+03
1.000000000000000000e+00,2.912772894493995124e-02,7.172253938020223126e-09,3.718834886621068271e-06,9.708685450479195289e-01,1.000000000000000000e+00,1.035853406331588115e-02,1.166084266001883672e-03,3.062404967695283267e+04,1.472372045808174601e+00,1.448379966072487878e+05,3.783524961632039631e+05,3.356862186273551485e-01,2.062649943670963985e+05,5.447544796500849453e-05,1.773461130592850395e+03,1.000000000000000056e-01,1.868102230403348804e+06,1.000000000000000000e+07,1.000000000000000056e-01,5.216249945796212996e+05,3.015983295666078338e+05,4.758895738053355308e+04,3.807963713166776870e+04,1.583576375452564207e+04,7.632931122721324790e+00,8.061209177485746332e+05,1.311628818475060398e+05
1.000000000000000000e+00,1.883384262753664528e-07,1.606285420665963970e-04,7.462349002454496741e-03,9.923768341170526863e-01,1.000000000000000000e+00,3.619894951651903697e-02,1.219834308938124150e-03,1.331657746928147739e+06,3.723788046310173740e+03,9.001736009200579929e+02,6.220096488826341229e+05,1.179661034739158595e+03,6.439921838574883441e+04,5.968345340803285424e-07,1.561333444313668180e+06,8.356037891140530119e+05,5.542971417852216400e+05,2.984104925988044124e+05,6.146324367323955812e+03,5.122246291176895611e+05,2.096130392033297336e+06,1.258400270284004137e+03,3.959126406412739925e+03,1.537769889214302020e+04,3.467791277540071169e+05,3.413466389228304033e+05,1.859134062015840583e-01
1.000000000000000000e+00,9.523902629191640656e-01,4.737814439471917105e-02,2.865939256403822905e-07,2.313060921911302970e-04,1.000000000000000000e+00,3.181745057739077814e-02,3.268880997543771594e-03,3.342337794717271148e-06,1.133613362191890019e+03,1.171969744426255929e+05,9.743878085630938585e+04,1.499453706990775181e+00,1.364282295216144927e-02,4.165719720369196875e+04,4.334726691083960759e+02,1.525668933579984525e+02,6.842735038981123452e+00,1.662234415334095247e+05,3.640813794784239959e+06,8.659358940155046002e+04,1.000000000000000056e-01,2.767369518099124548e+02,2.084564708007929923e+00,1.174440503574776667e+05,3.004719588089139037e+01,1.000000000000000056e-01,3.124147842122534639e+05
1.000000000000000000e+00,4.148514082414627574e-02,2.099256824975976460e-02,3.825092201357878602e-04,9.371397817059581303e-01,1.000000000000000000e+00,1.109153759526207775e-02,4.793566295096323110e-04,6.246099867523805733e+04,6.925063637081998422e+03,1.264595839640344027e+06,8.153955238589872606e+05,2.504972771774135254e+04,2.489542031956893334e+04,7.829138445232650265e+05,1.416219440504017969e-02,6.106023669871829043e+02,1.673610675148762823e+02,2.120160867769484412e+02,1.372800840737488179e+05,7.172815315534232923e+02,6.172119786932826173e+02,1.060488037432394412e+04,3.141418969835802447e+06,1.191349761122958739e+02,5.857440582377894316e+03,1.645841657031488838e+06,2.604198949393900111e+05
1.000000000000000000e+00,1.601596586183286017e-06,4.761638876497352190e-07,2.907771949028427299e-07,9.999976314623312268e-01,1.000000000000000000e+00,3.666364179212206614e-02,5.043004031702620626e-02,1.093800869013925549e+06,5.152826026931021488e+02,2.404657176658375538e+05,6.039027472488392232e+04,2.529167286979116034e+06,1.332225845738327480e+05,5.863628715113781254e+03,4.935592167347308714e+04,5.802493343423847546e+04,2.122490208337336080e+05,2.594614154743952895e+04,5.216595954648398425e+00,1.102625342526073027e+01,3.378727933884393678e+03,5.065597741567499725e+03,2.249803567574319895e+05,1.000000000000000056e-01,1.000000000000000056e-01,5.472856572295685282e+02,1.497375392272632962e+04
1.000000000000000000e+00,9.858324459786137473e-01,1.063519411147280554e-02,3.532148742560011889e-03,2.111673533811142534e-07,1.000000000000000000e+00,3.899162618867705959e-04,6.214076763135237746e-04,7.179021636765900105e+00,4.166755878307093752e+01,2.488311523698268080e-02,7.849889671242177428e+04,8.251569117856543016e+02,3.531058744204673303e+02,5.311422461664018920e+05,9.470784712258007858e+03,6.929202618272455538e+02,6.571811791856333002e+03,1.360543959490323971e+02,1.793287607790299080e+04,1.665827678821277106e+06,1.000000000000000056e-01,1.702790756653826975e+04,4.850080668679616065e+05,1.388789048596792389e+06,3.302436033469609101e+05,8.983759615560275270e+05,3.828608299736642948e+03
1.000000000000000000e+00,2.657132726178126309e-05,9.645205573000652510e-01,1.660782420072212879e-05,3.543626354847217996e-02,1.000000000000000000e+00,1.487956247787386443e-02,4.581043941823444848e-02,8.539084625370026333e+04,1.298226572429723819e+04,1.314352142375308006e+02,6.186856775490896543e+05,3.553305735584027134e+05,3.305042985433514787e+03,1.646130672680943389e+05,1.173313336919096218e+04,1.534853028148988669e+05,1.026256000371521537e+02,2.321245446159366402e+05,2.754809203862217828e+02,4.658889713021173939e+00,4.730285812367752806e+04,1.000000000000000056e-01,4.025879392487193400e+04,5.284985729105068231e+02,2.201029768096182337e+01,4.730512872631864596e-01,6.939810045489897448e+02
1.000000000000000000e+00,8.717991045913833226e-01,3.022478655088831154e-03,4.841253209252215618e-06,1.251735755003186013e-01,1.000000000000000000e+00,4.098879990893045111e-02,2.241948299003175635e-03,2.839797452510959985e+01,1.174432199192140019e+06,3.774143344235192203e-04,4.713186162121999077e+05,1.351461617526646660e+04,2.407053732631016629e+01,3.304410456113861292e+05,3.653946539943044172e+03,1.000000000000000056e-01,1.651002062197023079e+01,3.069742346643552992e+03,1.354356077077920828e+00,3.721420915259270714e+03,4.533605040899712435e+02,2.044897806083471892e+02,4.675824433393955696e+05,2.298878222149432826e+00,1.588018841280906781e+04,1.477726597597597369e+01,5.750278889609364796e+02
1.000000000000000000e+00,9.996488095031578203e-01,9.293921502750414744e-08,3.510950868927229960e-04,2.470734505877203446e-09,1.000000000000000000e+00,1.551578009063475953e-03,4.349052455741610895e-02,1.094963507360267540e+05,1.321797185329066087e+04,2.963518015472759027e+06,1.792127555345068453e+06,4.420103540733366572e+03,5.459322824737692596e-04,2.239279966989981403e+03,1.887489227726224271e+04,1.000000000000000056e-01,3.298757578947987349e+04,3.832453657928952566e+02,1.371672486065756147e-01,7.471721037524215353e+04,1.106099127216892812e+05,4.241076216496695270e+04,6.239809058909128181e-01,1.876462459051901242e+06,4.650871525197802612e+02,7.900307178721395030e+04,3.732082617907362021e+01
1.000000000000000000e+00,9.893050950324132620e-01,4.183420735632220291e-06,1.604884042366736354e-09,1.069071994196713060e-02,1.000000000000000000e+00,3.592987811368867496e-02,1.000000000000000048e-04,4.830746203968433110e+04,5.656337133459909091e+04,4.232757421108078212e+06,5.975822735547504853e+05,2.050862374628270146e+01,3.378991141012529908e+01,1.812186771949560568e+07,1.213916622917079367e+06,1.000000000000000056e-01,2.468088344396392586e+03,2.404379770598671399e+06,1.779386334767886437e+06,9.887500485735237817e+03,5.112301978461605279e-01,5.289278759629121050e+05,4.029828326194750332e+01,5.318557564824126302e+02,2.170894201232825005e-01,2.475118948290287335e+03,1.894917309984516469e+05
1.000000000000000000e+00,1.558386058494202475e-01,7.920898159111676717e-01,3.872402523229033500e-03,4.819917571618304031e-02,1.000000000000000000e+00,7.117667900837269194e-04,1.227743450849478083e-03,1.264999687624758735e+04,4.313443777839730610e+05,5.282211283515409741e+04,5.881073868677655701e+05,8.070723012268217644e+01,1.091901725657949224e+06,1.371336927076062420e+05,2.704231933046916965e+05,2.329555526708359992e+02,2.402746724807389910e+03,1.009387847305738018e+06,3.918789704198006234e+02,1.000000000000000056e-01,7.775812128919124007e+03,3.437358621165215311e+01,1.000000000000000056e-01,9.320107165423908737e+04,1.693962267112997799e-01,1.344149995533209294e+06,1.670019780271171840e+04
1.000000000000000000e+00,6.490571596561588441e-01,3.497512268109710387e-01,1.172648892664575598e-03,1.896464020556543062e-05,1.000000000000000000e+00,1.045349624553243081e-02,1.000000000000000048e-04,6.307952256807082333e+06,1.240743859509741087e+00,4.504161261980278068e+05,1.375819506417231634e+06,1.602390973083525523e+03,8.047548921190493274e+05,1.461227427865432401e+05,5.026784427618751215e+04,6.280689278044269130e+00,1.245917463952615378e+00,1.000000000000000056e-01,1.669122267985309520e+02,1.177895445434306154e+01,1.721511382949386898e+05,4.664499547868525951e+03,1.340838444880632596e+04,3.241794838652363513e+06,3.071787220280409656e+03,8.906793406987573292e+01,2.445248269806012398e-01
1.000000000000000000e+00,1.468239391462155207e-04,6.762968397523002621e-08,9.995593729082131729e-01,2.937355229566396275e-04,1.000000000000000000e+00,1.745486847176966035e-03,1.140454161433118209e-02,1.777223164982044864e+03,1.479235036719103809e+06,4.759569146899235420e+03,1.333633474823133147e+05,2.043274911612149444e+05,1.328154984662017705e+04,3.853972067012542539e+04,3.031437299458197595e+04,1.464693255404084312e+03,2.575330346250210714e+05,1.000000000000000056e-01,2.001329408943441231e+06,6.848695948575421077e+00,3.617645984048794344e+04,8.251992026135827473e+04,2.683843598366535965e-01,7.549390074249674853e+01,4.571590294146942846e+00,4.100072567910125945e+05,3.504289273184899503e+04
1.000000000000000000e+00,9.999471892907503268e-01,1.034264049053369598e-05,9.781858789280963322e-08,4.237025017128637217e-05,1.000000000000000000e+00,1.000000000000000048e-04,2.166198736455518786e-03,2.012756467173408309e+05,1.366897614052510180e+05,4.204940061748297303e+05,1.361860781971018761e+06,1.875489732029380074e-01,2.774233637410904339e+04,2.732431193522231843e+04,1.304199388896076198e+04,1.000000000000000056e-01,1.868098536984952443e+04,4.918054889080430730e+05,3.310869531249830616e+05,2.331907988373698726e-01,1.145185349849232779e+02,1.240938544912966667e+06,2.373585792804434459e+04,6.539997286150831496e+04,2.377774397235297947e+05,1.000000000000000056e-01,1.000000000000000000e+07
1.000000000000000000e+00,8.726367491931345170e-05,1.155019052691351711e-04,3.288594638505338424e-02,9.669112880347581207e-01,1.000000000000000000e+00,2.844660390820354101e-03,1.923866417662578772e-03,3.226468330134810842e-05,4.841170932547605480e+05,5.098826200569981371e-01,1.125808694888940314e+06,3.951485199806767014e+03,1.433147117947084596e+06,2.697666272890414803e+02,2.608082984484536610e+03,4.830028289935989887e+05,1.274624856410055684e-01,8.575535931981982003e+02,4.817295123031506591e+03,3.179947070031006297e+04,6.499466156150408835e+01,6.630274826773557288e+04,1.912830465944052094e+03,4.524581598316388408e+03,3.671333052586106987e+03,1.025805058347782178e+05,2.944172870892504579e+05
1.000000000000000000e+00,5.603815713254666135e-07,6.894414137745127347e-01,5.750619551782749916e-02,2.530518303260883561e-01,1.000000000000000000e+00,9.192438313948380138e-03,2.661294266966311370e-02,2.068015150838776957e+06,1.163362304161094869e+02,3.035614825835754118e+02,4.472627700963208719e-01,2.266610553355386415e+00,6.935168091388379707e+01,7.271097371476636627e-11,9.715091409156380564e+01,1.435923799534687714e+05,1.366200585850302629e-01,1.949543897058397590e+00,4.558865385865995195e+05,1.394502610578886390e+02,8.421969530940863535e+00,5.191714270242235330e+01,4.414718702910340653e+01,1.000000000000000056e-01,1.714014068758675421e+05,7.923089750593696408e+03,5.465959816690856954e+00
1.000000000000000000e+00,6.441431521765944579e-02,9.351484798380604868e-01,7.699167489760134770e-09,4.371972451124861436e-04,1.000000000000000000e+00,7.186954383626145346e-04,4.469493801976722608e-02,2.525327416059578245e+05,5.516105522019870477e+01,7.384426887243092060e+06,8.299036538505344652e+05,4.172738153439538088e+06,7.018758156045511132e+05,4.694296389794541756e+04,2.201885973600626548e-03,4.669389880609705870e+04,2.490208170666038059e+05,1.403656108615400502e+06,6.083534055695706047e+05,1.725886732789436428e+04,6.971717379335178994e+05,1.587888797522852968e+01,4.323199756014752784e+05,9.553763843440027907e+06,1.207683113997941149e+01,8.798437287454926548e+01,3.199404562022305527e+03
1.000000000000000000e+00,1.862543399289429691e-01,8.114689002534301032e-01,2.275970712725120665e-03,7.891049018660112324e-07,1.000000000000000000e+00,1.688819046183782577e-02,2.560884815724841918e-02,2.452419883557521680e+05,9.664224993304836971e+04,1.185991229190299867e+00,1.618029065603959907e+03,1.917763470645667257e+04,1.234110760503360689e+04,1.921951387741866754e+06,1.483372232465082163e+01,1.675758922495605532e+02,1.000000000000000056e-01,2.047192866597438581e+02,3.366818138486745767e+06,1.000000000000000056e-01,2.131194333213032337e+02,1.899097384150300050e+00,1.157751100725192828e+02,3.825551801522548776e+05,6.995822843793301615e+01,7.135679885174962465e+02,6.728099133088282997e+02
1.000000000000000000e+00,9.979792300922862847e-01,1.421427776676438288e-03,5.411865278171447326e-04,5.815560322020019157e-05,1.000000000000000000e+00,3.128504636467877020e-02,1.424677389818910503e-03,6.339861069090769888e+03,3.027779833425257038e+03,1.817040301690564229e+04,4.471759626342640258e+06,1.584620619167156264e+01,3.608313191737898742e+05,2.223666745313464344e+04,3.160551785130428470e+04,1.088421330448115441e+03,8.595932951564622044e+02,1.259404448636838083e+02,1.000000000000000000e+07,2.934024775542500052e+01,1.278500163017236991e+04,3.112982284156441438e+03,7.843703928529196128e+04,4.864872421127712587e+05,6.257358967096054927e+06,3.250218854806615273e+05,1.000000000000000056e-01
1.000000000000000000e+00,7.007539266917423015e-02,2.168724344256485372e-04,3.271435949605221161e-02,8.969933754003478477e-01,1.000000000000000000e+00,1.698173662170032391e-02,2.022638849535243755e-02,2.498650709673124766e+02,1.078388408497980854e+05,4.548477991248153150e+06,7.173120058389118640e+04,2.981329984526031185e+05,4.380103337686629384e+05,4.404805906266664017e+00,6.131569545232729901e+00,5.088699861656563371e+03,5.100516894008168492e+03,1.698999396277772789e+01,6.158411107886090031e+04,1.474082907680066070e+06,4.296080303467845544e+06,1.113089085991939555e+03,6.238287646928659342e+03,6.826232313659907959e+04,1.574119474123641150e+06,1.000000000000000056e-01,8.501354695727908984e+05
1.000000000000000000e+00,3.331495029781024290e-03,9.955960463231217084e-01,2.057093203380790255e-04,8.667493267592307760e-04,1.000000000000000000e+00,4.439654145509577821e-03,1.545558448260276165e-03,6.205567245500676108e+03,6.616918923912740169e-01,4.065913596148449869e+04,2.317746084305251770e+02,3.247299042830922744e+00,1.978262789155565144e+02,1.208806125011992989e-06,7.973073229547869687e+02,3.638682739183904005e+02,1.000000000000000056e-01,2.130258501043822151e+06,3.052706392243321520e+00,2.852588617670526219e+03,7.016246160052245250e+05,2.567855021294828912e+05,1.410634482481126324e+05,9.229590432774320652e+04,2.381426221708040430e+03,1.399965218780499232e-01,6.461454371538442842e+01
1.000000000000000000e+00,9.369693215483260174e-01,1.695281977843321086e-07,6.302792992332489908e-02,2.579000151214927428e-06,1.000000000000000000e+00,8.876784759529968843e-03,3.519304784345112305e-03,1.175622725148924366e-02,5.920350968188585248e+05,8.063114597536065276e+02,3.118012154304059004e+04,7.872664049012925534e+04,5.494677994869380258e+06,9.847251310416258639e+05,7.371849800428972812e+05,1.415105251065561242e+04,1.720929324671219569e+06,3.953801478795319291e+00,3.063712713458087364e+03,2.493899501358671841e+04,1.186277922664041864e+06,1.000000000000000056e-01,5.209736687610759982e+05,1.493578416794307304e+04,9.482289302679979301e+04,1.612252419338494838e+04,8.008595862705533364e+00
1.000000000000000000e+00,1.658610973582774490e-05,3.913836624350698643e-10,4.404469053452861882e-01,5.595365081535943474e-01,1.000000000000000000e+00,2.072189741361278939e-02,1.000000000000000048e-04,1.233508987073159915e+03,4.886380404924320686e+00,9.597627533502001995e+01,1.000612594385401346e+06,1.661666763818028994e+04,1.149049971949702270e-07,2.049210864583955426e-05,3.694823871945222891e+03,1.000000000000000056e-01,2.114441764411413897e+04,3.760953077356304686e+00,2.584785889739273368e-01,2.833064532550746808e+05,2.101029812048981482e-01,1.470788952660689596e+06,4.175081831878206867e+04,8.334159060335559843e+03,6.843497490264464886e+02,4.000920072211595834e+04,2.749968098904731232e+04
1.000000000000000000e+00,7.005116170353936340e-05,1.247268440468790276e-08,8.263748115523615031e-08,9.999298537281309240e-01,1.000000000000000000e+00,9.033683119719561339e-03,2.502649002077293652e-03,4.257073336602176278e+04,1.621211440376255553e+02,5.743430760955268051e+05,3.634231708997873026e-04,6.591603621224787268e+00,5.896279932705904357e+05,8.433246604896733542e-03,6.230814994013430530e-01,2.356003534335064842e+02,1.493509059369945200e+06,2.352272064008825924e+06,6.355878151933312958e-01,6.770316901097216760e+04,1.331971066415857479e+02,1.000000000000000056e-01,7.958062341481470503e+05,6.413166318180585677e+02,2.513729337262138433e+05,2.214163535342333660e+02,6.100386451726262749e+03
1.000000000000000000e+00,1.709297578540875799e-05,1.111753590986446694e-07,9.995551628749925754e-01,4.276329738629458532e-04,1.000000000000000000e+00,5.181178123395471097e-02,3.073951829739076172e-02,4.577322342264464169e+03,1.139483089438945598e+02,2.351676255776028149e+06,9.221575146385934204e+03,3.022897827593380120e+06,1.583884805498021908e+00,6.076017561548774393e+04,9.620697888598813734e+03,9.203686619655420072e+05,2.855337610036042170e+05,1.000000000000000056e-01,3.571511428091015550e+05,1.000000000000000056e-01,7.467923010863844538e+05,5.236984388281092979e+06,2.454316431526049928e+04,1.370178661827260839e+03,2.265645931173525751e+06,2.773001051136951428e+06,6.653705162557291333e+05
1.000000000000000000e+00,9.988881273805363392e-01,1.106123816862219665e-03,5.583057356887179620e-06,1.657452445291696108e-07,1.000000000000000000e+00,1.000000000000000048e-04,6.360696921121521607e-04,1.420731492132413201e+06,3.023096914901765063e+06,1.864817740999923876e-07,5.460426179948473873e+04,1.881028512605373544e+04,7.832312460938656295e+04,5.534463920005607652e+05,1.553803783103018361e+02,3.264812071600322270e+02,1.000000000000000056e-01,1.000000000000000056e-01,5.550851294292280363e+04,5.313758828908163196e+03,2.349483346524589579e+05,5.353558263975689188e+05,1.000000000000000000e+07,1.000000000000000056e-01,6.683755290853970218e+05,4.845798895010824344e+04,4.656212315123136847e+01
1.000000000000000000e+00,1.961869767509083831e-02,9.738737915062510853e-01,1.943765285123486963e-03,4.563745533534557808e-03,1.000000000000000000e+00,1.749943866572503919e-04,5.835245984414590137e-02,5.346609112386699999e+05,1.549671254308132404e+02,4.053373846410468832e+04,1.778721541103837080e+04,6.100164451683193911e+05,6.834222694747014611e+04,3.287799514918813421e-04,9.292456501809207126e+00,1.995215559996382217e+05,3.133629485879916501e+03,3.229580396093798845e+04,4.934857333761715381e+03,3.241831923010965329e+04,3.396738166055070906e+04,1.354635887773390657e+01,8.631441598155101019e+03,2.177085777695256693e+05,7.364324661335703581e+01,4.343988360590351658e+04,8.800722172074044920e+02
1.000000000000000000e+00,2.714989736848852711e-02,9.727236831455362553e-01,4.025164890076052047e-06,1.223943210851841101e-04,1.000000000000000000e+00,3.547104793882691759e-02,3.372703751957011054e-02,1.666113729846463320e+04,1.124643887092352657e+01,1.505483645094804566e-04,5.617815582050329074e+06,3.814571542211199358e+03,1.745507128490535464e+00,5.667642396656433448e+02,1.086279768507694826e+06,3.060296389710125027e+02,1.000000000000000056e-01,2.293579318886696361e+06,2.737147175064293606e+03,1.766635650969404029e+06,1.000000000000000056e-01,2.106725405897591941e+02,1.000000000000000056e-01,7.945191203764201782e+04,1.001680345931863121e+05,2.709779007156365424e+03,1.000000000000000056e-01
1.000000000000000000e+00,9.993517490889834987e-01,8.704872830243661933e-06,5.934396426255421570e-04,4.610639556068552025e-05,1.000000000000000000e+00,7.691144405399452308e-03,3.243279122351108712e-02,1.036503660863100667e+05,1.677416493414219804e+04,3.623468291488242812e+03,1.989034484862582985e+02,6.789013689691773834e+02,5.347654882001513033e+04,3.825677578857277013e-10,1.917100054049602420e+02,1.000000000000000056e-01,2.876409505297625437e+05,1.708819688785157632e+06,1.000000000000000056e-01,1.018623941782839975e+05,2.790610431755153331e-01,1.000000000000000056e-01,2.659451189746653199e+02,1.077115678080625134e+06,1.314013429802513429e+03,1.669756354347088840e+06,1.000000000000000056e-01
1.000000000000000000e+00,7.768434479247317004e-01,1.029116490969255449e-01,1.202447858474744724e-01,1.171308683378669002e-07,1.000000000000000000e+00,1.170721047465488355e-03,9.030333425781782164e-02,1.373645992008959875e+06,1.149035375281628831e+03,3.922981733845189751e+02,1.048909771977735450e+06,1.640177013493144841e+04,6.193223417684026936e+04,1.020244758826863654e+04,1.567600699336104981e+03,1.649283966972565759e+04,1.000000000000000056e-01,3.803871420566378170e+00,7.939035824684165418e+05,6.114965844866906293e+06,3.541163776159727661e+01,2.451993754594825987e+03,6.894982126439723746e-01,1.146604461897735164e+05,2.291504723313774957e+04,1.466633868808325247e-01,1.487488937748048193e+04
1.000000000000000000e+00,3.831875888512483363e-05,1.031918908968562652e-05,7.416095482251624210e-06,9.999439459565429011e-01,1.000000000000000000e+00,1.103445890435597251e-02,1.078394524536802242e-02,4.146421507194188962e+03,1.232687400197430543e+05,2.003098116780801502e+05,5.199534383939687163e+06,7.885003128034524877e+01,1.193134998529574631e+02,2.558345168391926716e-01,3.161560817835147585e-02,9.415225303855899256e+03,1.396743838488731853e+04,5.836404971645405340e+02,2.601631675557005678e+02,2.084690260875935201e+04,6.287620142703483580e+05,2.202126589409573935e+06,9.568398694916954264e+04,2.205201077383678872e+06,1.141691117110472172e+06,1.000000000000000056e-01,2.389503501335342880e+06
1.000000000000000000e+00,9.977263751213616416e-01,1.682355799487385761e-03,5.583613862899567846e-04,3.290769286101724589e-05,1.000000000000000000e+00,4.587252448302703116e-03,1.824777424016489277e-02,1.036027240759235283e+05,2.614434975964818615e+06,4.282131002277888001e+03,7.963398053179663839e+05,1.357897106631193601e+05,2.283173285121956297e+01,7.303590028853331205e+03,3.460476826340133094e-01,1.553556460220505926e+02,1.198560132316284580e+04,2.665453622853324632e+05,1.895878814756202644e+02,4.764548897693722807e-01,5.896701854236360285e-01,2.354450282906092252e+04,5.231880909229547833e+05,1.302404622409955366e+06,1.931046760531970222e+03,1.003289180323896144e+05,3.500465685827639817e+01
1.000000000000000000e+00,9.910112754516640088e-01,1.034359009114404315e-05,1.323223130514353511e-09,8.978379635021793703e-03,1.000000000000000000e+00,1.640901221722550554e-02,6.594026549048443223e-03,2.509163618244457757e+05,7.038780264477471876e-07,2.846023751182394917e+05,1.557240519303032578e+01,6.353070896946613211e+05,2.855585070701591828e-04,7.505623813395347446e+06,4.862913821700466315e+02,1.290960605350172763e+00,1.187788438203286034e+02,1.416949196341716970e+03,1.051210482021178677e+03,6.845929266351463739e+05,1.233374183493479677e+03,3.812066039892244618e+06,2.224218665474178270e+05,1.000000000000000056e-01,7.266161033965470269e+06,4.296603864388490911e+04,8.614823251471534604e+00
1.000000000000000000e+00,1.903091885839824259e-07,6.895483191941807061e-03,9.923125409723155821e-01,7.917855265540119092e-04,1.000000000000000000e+00,1.000000000000000048e-04,5.386288260731672073e-04,1.391075624810563568e+04,1.549840856596753838e+04,2.397024904005223420e+06,6.912222978253116889e+04,9.205026375070760099e-07,4.934095087394917839e-02,2.470961396002852824e+06,7.664579475771660100e+01,9.370619201539079768e+02,1.498074790951357281e+05,1.000000000000000056e-01,1.000000000000000056e-01,5.795008979446209560e+04,1.507106896456073155e+05,1.483010309447201636e-01,1.000000000000000056e-01,2.447263459150991112e+05,7.052240999087688351e+02,1.477855660703294518e+02,8.506382986524231092e+04
1.000000000000000000e+00,9.860085477349720406e-01,3.736305725029588350e-08,2.088377073524534404e-06,1.398932652489726092e-02,1.000000000000000000e+00,1.143095892550134284e-04,1.000000000000000048e-04,1.426486981513800517e-02,1.006617149791556187e+01,6.033496570356992306e+05,5.030197559528069851e-02,3.456806230525711726e+03,3.754923828411589842e+06,7.141385297954354610e+04,3.744432052322964921e+01,6.172168448783794884e+04,2.407650179669104662e-01,1.707260537658727844e+05,2.847805885477890843e+05,1.515129553889756835e+02,4.443129906079162197e+02,1.834206431202326668e+06,9.694534285875343485e+05,1.000000000000000056e-01,7.803381726452130533e+04,1.000000000000000056e-01,2.559226134532262105e+06
1.000000000000000000e+00,7.580918793859168225e-01,2.368679176285924670e-01,2.101111328923366967e-03,2.939091656567360822e-03,1.000000000000000000e+00,2.514830616176876033e-03,1.598026744018958903e-02,3.715243002910291383e-03,3.790542399310024848e+03,4.471455778448048477e+03,2.642753093060421816e+04,5.822369153709688162e-05,1.937832532597238605e+04,6.340697454223011300e+04,4.824012398606438182e+03,1.000000000000000056e-01,1.000000000000000056e-01,1.004588544345405410e+01,3.448283002339499035e+03,2.714418702262764782e+01,2.849984383797998307e+05,1.202415728056746458e+00,2.973216470604042261e+00,1.190796507392524006e+01,2.353692893545869738e+06,1.000000000000000056e-01,5.307217785410246579e+05
1.000000000000000000e+00,1.414562004660133560e-05,5.038346715455775965e-08,9.999843536951931178e-01,1.450301293171030181e-06,1.000000000000000000e+00,3.120392885425015209e-02,1.691164119544653465e-03,1.415681098027419438e+01,6.648176414956846081e+00,5.830639570677318488e+02,6.153676938941856462e-05,1.875296149167902023e+07,1.256585177718473233e+03,5.239683182574473455e-09,6.580842733326109592e+05,8.335805894506886834e+05,5.448149036083419560e+03,2.715438363126821350e+06,2.251651143463389872e+03,1.576604379101572093e+06,3.486795867988139798e+04,3.773217968162280158e+05,2.294833444120166632e+01,7.959598163247820821e+02,1.995265439990649931e+06,3.572364582487303298e+06,1.960480063405692636e+04
1.000000000000000000e+00,9.978244763061767664e-01,4.484452417167221250e-05,3.876396888964575282e-06,2.126802772762670379e-03,1.000000000000000000e+00,1.000000000000000048e-04,2.156494471869511466e-03,1.262678895644301519e+03,9.874182248431859210e-02,6.881965447161208431e+04,3.065693663414843286e+03,1.099510432624885466e-02,2.340072828050947748e+06,1.814034769569184959e+02,1.041633615834211372e+07,5.790411483681854406e+03,6.164765694330253173e+05,1.000000000000000056e-01,2.627411087347595603e+05,2.730073571054013470e+01,1.043888449255625601e+05,1.000000000000000056e-01,3.236874365505138994e+05,5.893961204498667712e+02,3.760849248140877462e+05,2.128192895909290655e+03,3.840532668395920979e+01
1.000000000000000000e+00,3.751440036429686507e-03,1.229514499941518812e-04,8.938165170790806117e-05,9.960362268618682124e-01,1.000000000000000000e+00,6.471205881267487643e-03,1.749176206666164289e-03,2.094564898059527695e+04,1.671635848686634631e+02,9.322237822944815662e+02,1.284532100610141642e+06,2.395830021496391855e+06,2.184514469261499414e+02,1.048383254454485723e+03,3.561058734356648638e+05,4.761804776502724053e+03,1.579454895735546015e+05,3.494011887003200627e+03,6.089524414853399747e+01,1.036154117129067629e+02,5.299338050478654623e+03,1.051241404295623579e+04,1.234295865302494727e+06,9.573085382379113639e+01,5.696071820774866501e+04,4.927439213534637474e+01,1.643245355678506530e+04
1.000000000000000000e+00,7.573597577451720766e-06,1.472332766973087892e-06,1.488209192438120583e-07,9.999908052487362919e-01,1.000000000000000000e+00,1.000000000000000048e-04,1.236737087747169842e-04,4.160896315799151353e+02,1.363573302696788414e+04,6.238500795640623437e+03,4.041687582540831869e+01,2.165823191393624060e+06,7.605192811939533567e+04,1.517429420691662934e+06,4.402234931046485144e+04,1.366067600492400525e+05,1.495656450544623658e+05,8.497510158940803376e+04,4.943308041105087614e+05,6.328698847969642884e+03,1.000000000000000056e-01,6.508870962655188123e+03,1.470960574854695587e+05,1.000000000000000056e-01,3.957856994324046536e+05,3.484560773741221783e+04,2.284298711352823739e+04
1.000000000000000000e+00,9.989215193368776724e-01,1.770693886759306377e-07,1.555417042645586314e-05,1.062749423307196572e-03,1.000000000000000000e+00,6.490016603214850827e-03,6.096249735743937762e-03,1.580225315195581243e+04,1.670571777182877995e+05,4.151912930910563773e+03,4.295505037985868512e+03,5.802726605559093150e+04,2.862305109091241206e+02,3.697974268096515083e+00,2.690248219089519698e+05,3.073282423135788690e+02,5.089982105867768638e+06,1.638830084077648120e+06,5.193346441334408708e+06,1.000000000000000056e-01,2.135198108816800833e+00,9.064560445163662735e+03,7.445019510828268249e+05,2.731927231078681143e+04,1.000000000000000056e-01,2.224791773162502206e+00,1.456581218591325388e+00
1.000000000000000000e+00,2.540565734148673548e-04,4.459453610920144912e-06,4.884177906448500806e-01,5.113236933281241070e-01,1.000000000000000000e+00,4.690023275695077987e-02,1.225056131024003037e-03,6.682877844850886322e+04,1.588601101840277749e+02,1.298135927780855603e+01,1.539727767694295313e+00,2.049669024542337283e+05,2.300714981517574742e+01,3.627518501806065165e-01,3.202259395074768108e+05,3.462536727062126829e+02,3.753770567488606503e+03,1.000000000000000056e-01,3.913221839374517117e+02,1.724616451504172971e+02,5.871254489370516967e+04,7.406295201602426823e+05,5.151919648704091742e+03,2.178135283403711819e-01,3.428511203325483869e+00,1.093951200589033775e+06,4.721300164797462057e+05
1.000000000000000000e+00,2.321070945587169464e-08,5.582306439248555085e-08,5.562968607276437419e-04,9.994436241054984738e-01,1.000000000000000000e+00,1.000000000000000048e-04,8.757353308029017713e-04,4.435292606889816234e+05,3.039229667685580338e+01,7.711152929199363571e+05,3.456822342947228026e+04,4.282739287870204947e+01,7.338172613045863955e+02,1.348945681104059986e+03,1.169579361519058693e+04,1.133256677688435593e+05,6.450315625480808376e+04,4.478363825812857613e+02,3.333611862012295518e+06,5.485190544501665499e+02,2.705914312589031179e+05,1.947593652325015137e+04,5.472311630112746350e+00,1.000000000000000056e-01,3.759540577012671856e+05,6.282325186678807950e+04,3.457733634121406940e+05
1.000000000000000000e+00,9.999561670498041677e-01,2.206216083733360011e-06,1.787998817539140937e-07,4.144793423033199531e-05,1.000000000000000000e+00,6.326991484102294401e-03,1.117940347704289919e-02,5.138649132177710999e+05,6.862161140742130810e+05,3.023689901483497306e+04,1.099374630973121612e+03,8.597910257397886724e+00,3.005418087351471513e+03,4.401361507245235871e-07,2.059264572040332951e+03,1.713188470161456145e+00,2.984016743118746090e+05,1.424810227692197562e-01,1.407324053324244160e+05,8.526121338390157689e+01,2.303481857962855604e+06,1.063176914039261639e+06,5.697440245365900919e+06,4.409260514619571040e+04,5.845683756702301325e+05,5.212668808807735559e+02,8.065389984453721809e+03
1.000000000000000000e+00,9.999999979925964233e-01,9.598476822530188771e-10,1.043763716336801860e-09,3.792188785212147195e-12,1.000000000000000000e+00,1.000000000000000048e-04,2.553679813712181942e-03,1.780869502433366506e+03,1.631967078271034406e+05,5.443855428579235195e+03,2.759086908001682659e+01,8.375166468788343991e+03,1.376410421147262241e+04,2.217903263291346084e+05,1.907358616601612198e+02,1.000000000000000056e-01,8.424898890502448194e+04,7.697392131589195742e+03,1.000000000000000056e-01,3.579171998845744529e+05,3.157250934984489277e+02,1.200851326170878718e+06,3.711228956510363147e+06,1.917958926568026436e+04,2.198615468523430172e+05,1.000000000000000056e-01,1.000000000000000056e-01
1.000000000000000000e+00,1.781524452501208352e-05,9.522145296113301294e-01,2.008504995031339460e-02,2.768260519383147766e-02,1.000000000000000000e+00,7.629175928264593856e-03,1.000000000000000048e-04,2.416671090586650280e+03,7.577916068499828270e+02,4.428138443666214243e+02,8.266680015512432034e-01,1.767237177221067395e+04,2.367127274556103167e+00,1.652684961057066394e+05,6.424130271710425239e-10,1.070895134164689953e+05,1.000000000000000056e-01,3.560333420966373410e+02,3.819277679632916261e+04,3.146681567380357228e+04,1.538618661879348792e+03,1.891761049856191385e+05,1.187963677231600275e+06,1.095373030678111172e+04,5.497840043548616813e+05,3.494601596087457551e+01,3.427581056046311278e+04
1.000000000000000000e+00,3.547136109101747312e-11,5.108451526860939172e-04,4.893623715774640203e-06,9.994842611881267214e-01,1.000000000000000000e+00,7.406573307436904556e-03,7.327620056928026496e-04,1.185829716733325738e+06,3.260154529460934092e-01,1.529935063527266611e+05,1.772856802171572053e+04,1.845191752508299658e+06,7.959435916268417510e-02,2.266913949653033051e+05,1.163843729137612172e+04,8.257825386627869448e+05,4.763496375754888868e+04,2.553245529512743815e+05,1.000000000000000056e-01,1.000000000000000056e-01,1.987524265355996578e+00,5.816404542196411676e-01,1.000000000000000056e-01,2.593773809853104808e+02,5.207484092852675531e+03,1.079178834314954871e+00,3.974225195252449225e+02
